Workbook

Sheet README
A1: Amyloidosis Multi-Phenotype Bucket-Combination Config Specification
A3: Purpose | B3: Convert all 133 rows from the four pre-test phenotype CSVs into an implementation-ready, non-additive reasoning config.
A4: Core logic | B4: Keep best-tier-per-independent-bucket logic. Tier 1/2 may form approved combinations; Tier 3/4 are context. Never add tiers into a numeric disease score.
A5: Key change | B5: Use phenotype-specific combination configs instead of one universal '2 of ortho/cardio/neuro' ATTR rule.
A6: Source specialty vs reasoning bucket | B6: Source specialty records where evidence came from. Reasoning bucket records the independent biological/clinical axis used by the combination engine.
A7: Deduplication | B7: Canonical_Atom_or_Rule_ID lets repeated concepts across ATTRwt/ATTRv/AL/AA point to one extraction rule rather than duplicate EHR extraction.
A8: Composite rows | B8: Composite/temporal source rows are rules or derived features. They do NOT create an extra independent bucket.
A9: Guardrails | B9: Counter-evidence / differential rows are explicit routes or modifiers, never weak positive Tier 4 evidence.
A10: General amyloidosis | B10: Uses independent bucket combinations before subtype routing. A patient may simultaneously pass ATTR and an AL safety route.
A11: Clinical status | B11: This workbook is a research/EHR feature-design specification derived from the supplied tables, not a validated diagnostic score or clinical decision rule.
A13: Sheet | B13: What it contains | C13: Use in code
A14: Signal Catalog | B14: One row for every source CSV row (133 total), with specialty, reasoning bucket, canonical atom/rule, proposed source tier and disposition.
A15: Phenotype Overlays | B15: Normalized config rows. Every source row has a source-phenotype overlay; positive rows also get GENERAL_AMYLOID and/or ATTR_COMMON overlays.
A16: Combination Rules | B16: Approved non-additive bucket combinations for GENERAL_AMYLOID, ATTR_COMMON, ATTRwt, ATTRv, AL and AA.
A17: Composite Rules | B17: How multi-signal source rows are derived without double-counting.
A18: Temporal Rules | B18: Longitudinal logic such as orthopedic prodrome before cardiac disease and persistent renal/inflammatory trajectories.
A19: Guardrails | B19: Differential routes, alternative-cause flags and do-not-use rows.
A20: Coverage Audit | B20: Formula-driven proof that all rows from all four source CSVs are represented.

Sheet Signal Catalog
A1: Source_Phenotype | B1: Sign_ID | C1: Canonical_Atom_or_Rule_ID | D1: Config_Object_Type | E1: Config_Action | F1: Sign_or_Phenotype_Feature | G1: Source_Domain | H1: Source_Specialty | I1: Reasoning_Bucket | J1: Source_Phenotype_Role | K1: Source_Direction | L1: Proposed_Source_Tier | M1: Source_Gate_Eligible | N1: General_Amyloid_Tier | O1: General_Amyloid_Role | P1: ATTR_Common_Tier | Q1: Differential_Route_or_Guardrail | R1: Typical_Timing_vs_Diagnosis | S1: Combination_from_Source | T1: Threshold_or_Criterion_Status | U1: PreTest_Usability | V1: EHR_Detectability | W1: Likely_EHR_Location | X1: Structured_Fields_or_NLP_Terms | Y1: Recommended_Model_Use_Source | Z1: Key_Overlap_Mimic_Guardrail | AA1: Evidence_Confidence | AB1: Amyloid_Suspicion_Importance_Source | AC1: Subtype_Distinguisher_Importance_Source | AD1: Original_Source_Priority_Tier | AE1: Primary_Source | AF1: Supporting_Source | AG1: Config_Design_Note | AH1: Coverage_Status
A2: ATTRwt | B2: WT01 | C2: RULE_ATTRWT_ORTHO_BEFORE_CARDIO | D2: TEMPORAL_RULE | E2: EVALUATE_TEMPORAL_RULE | F2: Orthopedic/tenosynovial prodrome followed years later by otherwise unexplained cardiac disease | G2: Multisystem / temporal | H2: MULTISPECIALTY | I2: TEMPORAL_COMPOSITE | J2: Core composite discriminator | K2: Strongly supports ATTRwt | M2: No | R2: Musculoskeletal events commonly 5–15 years before cardiac recognition | S2: ?2 orthopedic/soft-tissue clues ? years later new HFpEF/LVH/AF/conduction disease | T2: No validated universal count or time-window rule; 5–15 years is evidence-backed for CTS and broadly consistent with the musculoskeletal prodrome. | U2: Yes | V2: High | W2: Derived from procedures + diagnoses + cardiology | X2: bilateral CTS/CTR; lumbar stenosis/decompression; biceps rupture; arthroplasty; trigger finger; HFpEF; LVH; AF | Y2: Highest-priority composite feature. Model chronology and clustering rather than simple feature count. | Z2: ATTRv can also have CTS; isolated degenerative disease is common; AL can cause cardiac amyloid but lacks this characteristic orthopedic enrichment. | AA2: High | AB2: 5 | AC2: 5 | AD2: Tier 1 - highest | AE2: https://pubmed.ncbi.nlm.nih.gov/36049804/ | AF2: https://pmc.ncbi.nlm.nih.gov/articles/PMC9775219/ | AG2: Composite/temporal rule: do not count as an extra independent bucket. | AH2: =IF(AND(E2<>"",D2<>""),"COVERED","MISSING") -> COVERED
A3: ATTRwt | B3: WT04 | C3: ATOM_WT04 | D3: DERIVED_BUCKET_FEATURE | E3: DERIVE_WITHIN_BUCKET | F3: Multiple orthopedic red flags across different tissues/procedures | G3: Musculoskeletal | H3: ORTHOPEDICS | I3: ORTHO | J3: Composite discriminator / cluster | K3: Strongly supports ATTRwt | L3: Tier 1 | M3: Yes | N3: Tier 2 | O3: ORGAN_OR_PHENOTYPE_EVIDENCE | P3: Tier 1 | R3: Usually years before cardiac diagnosis | S3: Any 2+ of bilateral/recurrent CTS, LSS/decompression, biceps rupture, arthroplasty, trigger finger, shoulder disease + later cardiac clue | T3: No validated minimum feature count; 'multiple' is a research-synthesis construct for prioritization. | U3: Yes | V3: High | W3: Procedures + diagnosis history | X3: multi-joint/tendon procedure history; repeated orthopedic diagnoses | Y3: Core EHR cluster; give more weight to unusual/bilateral/recurrent events and temporal sequence. | Z3: Degenerative disease burden also rises with age; subtype cannot be established from orthopedics alone. | AA3: High | AB3: 4 | AC3: 5 | AD3: Tier 1 - highest | AE3: https://pubmed.ncbi.nlm.nih.gov/41906617/ | AF3: https://pmc.ncbi.nlm.nih.gov/articles/PMC9775219/ | AG3: Detect once using canonical ID; phenotype overlays decide tier/role. | AH3: =IF(AND(E3<>"",D3<>""),"COVERED","MISSING") -> COVERED
A4: ATTRwt | B4: WT02 | C4: ORTHO_CTS_BILAT_RECURRENT | D4: ATOM | E4: DETECT_ONCE | F4: Bilateral and/or recurrent carpal tunnel syndrome, especially recurrence after prior carpal tunnel release | G4: Musculoskeletal / tenosynovial | H4: ORTHOPEDICS | I4: ORTHO | J4: Early extracardiac red flag | K4: Strongly supports ATTRwt | L4: Tier 1 | M4: Yes | N4: Tier 2 | O4: ORGAN_OR_PHENOTYPE_EVIDENCE | P4: Tier 1 | R4: Typically years before cardiac diagnosis | S4: Bilateral/recurrent CTR + later HFpEF/LVH/AF/conduction disease or another orthopedic red flag | T4: Do not use the 21.2% subgroup prevalence as a general PPV; it was a selected subgroup in one screening cohort. | U4: Yes | V4: High | W4: Problem list; hand surgery; procedure history | X4: bilateral carpal tunnel; right+left CTR; recurrent median neuropathy; repeat carpal tunnel release | Y4: Tier-defining extracardiac feature; explicitly distinguish bilateral/recurrent from unilateral CTS. | Z4: CTS is common and can occur in ATTRv; unilateral CTS has poor specificity. | AA4: High | AB4: 4 | AC4: 5 | AD4: Tier 1 - highest | AE4: https://pubmed.ncbi.nlm.nih.gov/36049804/ | AF4: https://pubmed.ncbi.nlm.nih.gov/37555238/ | AG4: Detect once using canonical ID; phenotype overlays decide tier/role. | AH4: =IF(AND(E4<>"",D4<>""),"COVERED","MISSING") -> COVERED
A5: ATTRwt | B5: WT03 | C5: ATOM_WT03 | D5: ATOM | E5: DETECT_ONCE | F5: Spontaneous or trivial-trauma distal biceps tendon rupture / 'Popeye sign' | G5: Musculoskeletal / tendon | H5: ORTHOPEDICS | I5: ORTHO | J5: Early extracardiac red flag | K5: Strongly supports ATTRwt | L5: Tier 1 | M5: Yes | N5: Tier 2 | O5: ORGAN_OR_PHENOTYPE_EVIDENCE | P5: Tier 1 | R5: Median ~5 years before HF diagnosis among patients who recalled onset | S5: Biceps rupture + bilateral CTS or spinal stenosis + unexplained HFpEF/LVH | T5: No universal PPV. The published 66% PPV is prevalence-dependent and should only be treated as a scenario estimate. | U5: Yes | V5: High | W5: Orthopedic notes; surgical history; physical exam | X5: distal biceps rupture; atraumatic biceps rupture; Popeye sign | Y5: Strong positive feature, especially in an appropriate cardiac/orthopedic context. | Z5: Traumatic/degenerative tendon rupture can occur without amyloid; published study came from a referral cohort. | AA5: High | AB5: 4 | AC5: 5 | AD5: Tier 1 - highest | AE5: https://pubmed.ncbi.nlm.nih.gov/28898370/ | AF5: https://pmc.ncbi.nlm.nih.gov/articles/PMC9775219/ | AG5: Detect once using canonical ID; phenotype overlays decide tier/role. | AH5: =IF(AND(E5<>"",D5<>""),"COVERED","MISSING") -> COVERED
A6: ATTRwt | B6: WT05 | C6: ORTHO_LUMBAR_STENOSIS | D6: ATOM | E6: DETECT_ONCE | F6: Lumbar spinal stenosis/decompression, especially with thickened ligamentum flavum and another ATTR clue | G6: Musculoskeletal / spine | H6: ORTHOPEDICS | I6: ORTHO | J6: Early extracardiac red flag | K6: Supports ATTRwt strongly | L6: Tier 2 | M6: Yes | N6: Tier 2 | O6: ORGAN_OR_PHENOTYPE_EVIDENCE | P6: Tier 2 | R6: Often pre-cardiac | S6: LSS/decompression + bilateral CTS or biceps rupture + later cardiac red flag | T6: Do not treat 33–45% deposition estimates from selected surgical series as prevalence of systemic ATTRwt-CM. | U6: Yes | V6: High | W6: Problem list; spine MRI; operative history | X6: lumbar spinal stenosis; laminectomy; decompression; ligamentum flavum hypertrophy | Y6: Moderate-high feature; strongest when surgical and clustered. | Z6: Degenerative LSS is extremely common; localized ligament amyloid does not prove systemic cardiac ATTRwt. | AA6: High | AB6: 4 | AC6: 4.5 | AD6: Tier 1 - highest | AE6: https://pubmed.ncbi.nlm.nih.gov/34053807/ | AF6: https://pubmed.ncbi.nlm.nih.gov/41906617/ | AG6: Detect once using canonical ID; phenotype overlays decide tier/role. | AH6: =IF(AND(E6<>"",D6<>""),"COVERED","MISSING") -> COVERED
A7: ATTRwt | B7: WT11 | C7: ATOM_WT11 | D7: ATOM | E7: DETECT_ONCE | F7: Atrial fibrillation/flutter, especially with LV thickening or orthopedic ATTR clues | G7: Cardiac electrical | H7: CARDIOLOGY | I7: CARDIO | J7: Cardiac red flag / comparative clue | K7: Supports ATTRwt | L7: Tier 2 | M7: Yes | N7: Tier 2 | O7: ORGAN_OR_PHENOTYPE_EVIDENCE | P7: Tier 2 | R7: May precede formal diagnosis | S7: AF + CTS/LSS + HFpEF/LVH or conduction disease | T7: No AF burden threshold is validated for ATTRwt suspicion. | U7: Yes | V7: High | W7: Problem list; ECG | X7: atrial fibrillation; atrial flutter | Y7: Moderate-high feature when paired with other ATTRwt clues. | Z7: AF is very common with aging and valvular disease. | AA7: High | AB7: 4 | AC7: 4 | AD7: Tier 2 - high | AE7: https://medinform.jmir.org/2026/1/e85803 | AF7: https://pubmed.ncbi.nlm.nih.gov/36907828/ | AG7: Detect once using canonical ID; phenotype overlays decide tier/role. | AH7: =IF(AND(E7<>"",D7<>""),"COVERED","MISSING") -> COVERED
A8: ATTRwt | B8: WT09 | C8: CARD_HFPEF_UNEXPLAINED | D8: ATOM | E8: DETECT_ONCE | F8: Unexplained HFpEF / heart failure in an older adult | G8: Cardiac | H8: CARDIOLOGY | I8: CARDIO | J8: High-yield cardiac entry phenotype | K8: Supports ATTRwt/ATTR | L8: Tier 2 | M8: Yes | N8: Tier 1 | O8: ORGAN_OR_PHENOTYPE_EVIDENCE | P8: Tier 2 | R8: Usually near cardiac recognition | S8: HFpEF + bilateral/recurrent CTS/LSS/biceps rupture + AF/conduction disease/LVH | T8: No age cutoff alone mandates amyloid testing; use enriched phenotype rather than age+HFpEF only. | U8: Yes | V8: High | W8: Problem list; cardiology | X8: HFpEF; diastolic HF; heart failure | Y8: High amyloidosis importance, only moderate ATTRwt subtype weight. | Z8: HFpEF is common and AL/ATTRv/non-amyloid disease overlap. | AA8: High | AB8: 5 | AC8: 3.5 | AD8: Tier 2 - high | AE8: https://pubmed.ncbi.nlm.nih.gov/35509173/ | AF8: https://pubmed.ncbi.nlm.nih.gov/35343098/ | AG8: Detect once using canonical ID; phenotype overlays decide tier/role. | AH8: =IF(AND(E8<>"",D8<>""),"COVERED","MISSING") -> COVERED
A9: ATTRwt | B9: WT12 | C9: CARD_CONDUCTION_PACEMAKER | D9: ATOM | E9: DETECT_ONCE | F9: Conduction disease (AV block, bundle branch block, sinus-node disease) and/or pacemaker implantation | G9: Cardiac electrical | H9: CARDIOLOGY | I9: CARDIO | J9: Cardiac red flag | K9: Supports ATTRwt/ATTR | L9: Tier 2 | M9: Yes | N9: Tier 1 | O9: ORGAN_OR_PHENOTYPE_EVIDENCE | P9: Tier 2 | R9: May precede or coincide with diagnosis | S9: Pacemaker/AV block + CTS/LSS + LVH/HFpEF | T9: Do not use 40–44% pacemaker prevalence as a general-population screening yield; it reflects diagnosed ATTRwt cohorts. | U9: Yes | V9: High | W9: ECG; device/procedure table | X9: AV block; RBBB/LBBB; sick sinus syndrome; pacemaker | Y9: Moderate-high ATTRwt feature in a multi-domain cluster. | Z9: Age-related conduction disease is common; ATTRv can also cause conduction disease. | AA9: High | AB9: 4.5 | AC9: 4 | AD9: Tier 2 - high | AE9: https://pubmed.ncbi.nlm.nih.gov/33825853/ | AF9: https://pubmed.ncbi.nlm.nih.gov/35509173/ | AG9: Detect once using canonical ID; phenotype overlays decide tier/role. | AH9: =IF(AND(E9<>"",D9<>""),"COVERED","MISSING") -> COVERED
A10: ATTRwt | B10: WT20 | C10: ATOM_WT20 | D10: ATOM | E10: DETECT_ONCE | F10: Incidental myocardial uptake on bone-avid scintigraphy performed for a NON-amyloidosis indication | G10: Incidental imaging | H10: GENERAL MEDICINE | I10: SYSTEMIC_CONTEXT | J10: Incidental high-yield clue | K10: Strongly supports ATTR cardiac amyloidosis | L10: Tier 1 | M10: No — modifier/context only | N10: Tier 1 | O10: MODIFIER | P10: Tier 1 | R10: Potentially pre-symptomatic/incidental | S10: Incidental uptake + orthopedic/cardio ATTR phenotype | T10: Only count if scan was genuinely ordered for another reason. Do not treat as phenotype if PYP/DPD was ordered because amyloid was already suspected. | U10: Only if ordered independently of amyloid work-up | V10: Moderate | W10: Nuclear medicine report | X10: incidental cardiac uptake; myocardial tracer retention on bone scan | Y10: Very high actionability; separate incidental finding from amyloid-specific diagnostic testing. | Z10: Once deliberately ordered for amyloidosis it is no longer a pre-test sign. AL exclusion and proper diagnostic interpretation remain mandatory. | AA10: High | AB10: 5 | AC10: 4.5 | AD10: Tier 2 - high | AE10: https://pubmed.ncbi.nlm.nih.gov/35509173/ | AF10: https://pubmed.ncbi.nlm.nih.gov/33825853/ | AG10: Detect once using canonical ID; phenotype overlays decide tier/role. | AH10: =IF(AND(E10<>"",D10<>""),"COVERED","MISSING") -> COVERED
A11: ATTRwt | B11: WT10 | C11: CARD_LV_THICKENING_UNEXPLAINED | D11: ATOM | E11: DETECT_ONCE | F11: Unexplained LV wall thickening / increased relative wall thickness / non-dilated LV on routine echocardiography | G11: Cardiac imaging | H11: CARDIOLOGY | I11: CARDIO | J11: Cardiac red flag | K11: Supports cardiac amyloidosis; ATTRwt possible | L11: Tier 1 | M11: Yes | N11: Tier 1 | O11: ORGAN_OR_PHENOTYPE_EVIDENCE | P11: Tier 1 | R11: Near cardiac presentation, sometimes incidental | S11: LV thickening/RWT + orthopedic prodrome + AF/conduction disease | T11: Do NOT hard-code a universal 11-mm female threshold. Use sex/body-size-aware LVMI or lower suspicion threshold; evidence for exact cutoff remains limited. | U11: Yes if obtained for routine care | V11: High | W11: Echo report | X11: IVST; posterior wall thickness; LVMI; relative wall thickness; small LV cavity | Y11: High cardiac-amyloid trigger, moderate subtype discriminator. Preserve female sensitivity. | Z11: Hypertension, HCM, AS, AL and ATTRv overlap substantially. | AA11: High | AB11: 5 | AC11: 3.5 | AD11: Tier 3 - moderate | AE11: https://pubmed.ncbi.nlm.nih.gov/35343098/ | AF11: https://pubmed.ncbi.nlm.nih.gov/41752875/ | AG11: Detect once using canonical ID; phenotype overlays decide tier/role. | AH11: =IF(AND(E11<>"",D11<>""),"COVERED","MISSING") -> COVERED
A12: ATTRwt | B12: WT13 | C12: ATOM_WT13 | D12: ATOM | E12: DETECT_ONCE | F12: Late-onset HCM phenotype / asymmetric septal hypertrophy without a convincing sarcomeric explanation | G12: Cardiac imaging / diagnostic history | H12: CARDIOLOGY | I12: CARDIO | J12: Cardiac red flag / mimic | K12: Supports cardiac amyloidosis; ATTRwt often found | L12: Tier 1 | M12: Yes | N12: Tier 1 | O12: ORGAN_OR_PHENOTYPE_EVIDENCE | P12: Tier 1 | R12: At or before amyloid recognition | S12: Late-onset HCM + CTS/LSS/AF/conduction disease or low-voltage/mass discordance | T12: No universal age cutoff; evidence specifically says age should raise suspicion but does not mandate testing alone. | U12: Yes | V12: High | W12: Problem list; echo/CMR | X12: HCM; asymmetric septal hypertrophy; basal septal hypertrophy | Y12: High-value cardiac-mimic trigger in older adults. | Z12: Sarcomeric HCM and hypertensive remodeling remain common; cohort was referral-enriched. | AA12: High | AB12: 4.5 | AC12: 4 | AD12: Tier 3 - moderate | AE12: https://pubmed.ncbi.nlm.nih.gov/31371117/ | AF12: https://pubmed.ncbi.nlm.nih.gov/35343098/ | AG12: Detect once using canonical ID; phenotype overlays decide tier/role. | AH12: =IF(AND(E12<>"",D12<>""),"COVERED","MISSING") -> COVERED
A13: ATTRwt | B13: WT06 | C13: ATOM_WT06 | D13: ATOM | E13: DETECT_ONCE | F13: Hip or knee arthroplasty years before cardiac disease, especially multiple/bilateral large-joint replacements | G13: Musculoskeletal / joint | H13: ORTHOPEDICS | I13: ORTHO | J13: Supporting extracardiac red flag | K13: Supports ATTR/ATTRwt | L13: Tier 3 | M13: No | N13: Tier 3 | O13: ORGAN_OR_PHENOTYPE_EVIDENCE | P13: Tier 3 | R13: Mean ~7 years before ATTR cardiac diagnosis in one cohort | S13: Multiple/bilateral arthroplasties + CTS/LSS + later HFpEF/LVH | T13: No validated arthroplasty count or latency threshold for ATTRwt. | U13: Yes | V13: High | W13: Procedure history; orthopedic notes | X13: THA; TKA; total hip replacement; total knee replacement; bilateral arthroplasty | Y13: Supportive cluster feature; do not rank as highly as bilateral/recurrent CTS or biceps rupture. | Z13: Evidence was ATTR broadly, not strictly ATTRwt; arthroplasty is common from osteoarthritis. | AA13: Moderate-High | AB13: 3 | AC13: 4 | AD13: Tier 3 - moderate | AE13: https://pubmed.ncbi.nlm.nih.gov/28906148/ | AF13: https://pmc.ncbi.nlm.nih.gov/articles/PMC9775219/ | AG13: Detect once using canonical ID; phenotype overlays decide tier/role. | AH13: =IF(AND(E13<>"",D13<>""),"COVERED","MISSING") -> COVERED
A14: ATTRwt | B14: WT14 | C14: ATOM_WT14 | D14: ATOM | E14: DETECT_ONCE | F14: Severe aortic stenosis, particularly low-flow/low-gradient AS with additional amyloid red flags | G14: Cardiac / valvular | H14: CARDIOLOGY | I14: CARDIO | J14: High-risk population | K14: Supports ATTR-CM; ATTRwt plausible | L14: Tier 2 | M14: Yes | N14: Tier 2 | O14: ORGAN_OR_PHENOTYPE_EVIDENCE | P14: Tier 2 | R14: At valve evaluation / TAVR work-up | S14: Severe AS + CTS/LSS/AF/conduction disease + disproportionate wall thickening/low flow | T14: Do not hard-code '30% in low-flow low-gradient' as universal; estimates vary by cohort and selection. | U14: Yes | V14: High | W14: Problem list; echo; valve clinic | X14: severe AS; low-flow low-gradient; TAVR/SAVR | Y14: Population-enrichment feature, not a subtype-defining sign. | Z14: AS itself causes LVH/HF and is common in the elderly; not wild-type-specific. | AA14: High | AB14: 4 | AC14: 3 | AD14: Tier 3 - moderate | AE14: https://pubmed.ncbi.nlm.nih.gov/33181246/ | AF14: https://pubmed.ncbi.nlm.nih.gov/38367883/ | AG14: Detect once using canonical ID; phenotype overlays decide tier/role. | AH14: =IF(AND(E14<>"",D14<>""),"COVERED","MISSING") -> COVERED
... A23: ATTRwt | B23: WT21 | C23: ATOM_WT21 | D23: ATOM | E23: DETECT_ONCE | F23: Bilateral sensorineural hearing loss greater than expected for age | G23: Neurologic / sensory | H23: NEUROLOGY | I23: NEURO | J23: Supporting extracardiac clue | K23: Supports ATTRwt modestly | L23: Tier 3 | M23: No | N23: Tier 4 | O23: ORGAN_OR_PHENOTYPE_EVIDENCE | P23: Tier 3 | R23: May precede cardiac recognition | S23: Hearing loss + CTS/LSS + cardiac phenotype | T23: No validated audiometric threshold for ATTRwt suspicion. | U23: Yes | V23: Moderate | W23: Audiology; ENT notes | X23: sensorineural hearing loss; bilateral hearing aids; presbycusis disproportionate | Y23: Low-moderate cluster enhancer only. | Z23: Presbycusis is extremely common; original ATTRwt study was very small. Exact 5.1-year lead time is not robust enough for universal use. | AA23: Moderate-Low | AB23: 2.5 | AC23: 3 | AD23: Tier 4 - low | AE23: https://pubmed.ncbi.nlm.nih.gov/28598686/ | AF23: https://pubmed.ncbi.nlm.nih.gov/41906617/ | AG23: Detect once using canonical ID; phenotype overlays decide tier/role. | AH23: =IF(AND(E23<>"",D23<>""),"COVERED","MISSING") -> COVERED
A24: ATTRwt | B24: WT24 | C24: RULE_WT24 | D24: GUARDRAIL_ROUTE | E24: ROUTE_OR_MODIFY_INTERPRETATION | F24: Female patient with ATTR-like phenotype despite septal wall thickness <12 mm | G24: Sex-specific cardiac imaging | H24: CARDIOLOGY | I24: CARDIO | J24: False-negative guardrail | K24: ATTRwt remains possible | M24: No | Q24: NO_EXCLUSION_FEMALE_WALL_THICKNESS | R24: At cardiac presentation | S24: Female + HFpEF/AF/CTS/LSS + increased LVMI/RWT even if IVST <12 mm | T24: Do NOT hard-code ?11 mm as a validated female cutoff; use sex-specific LVMI/body-size-aware interpretation and broader red flags. | U24: Yes | V24: High | W24: Demographics + echo | X24: IVST; LVMI; RWT; female sex | Y24: Guardrail against false-negative screening rather than a positive sign. | Z24: Small cohort; exact best threshold needs validation. | AA24: Moderate-High | AB24: 4 | AC24: 3.5 | AD24: Guardrail / differential | AE24: https://pubmed.ncbi.nlm.nih.gov/41752875/ | AF24: https://pubmed.ncbi.nlm.nih.gov/35343098/ | AG24: Guardrail/route: never treat as weak positive Tier 4. | AH24: =IF(AND(E24<>"",D24<>""),"COVERED","MISSING") -> COVERED
A25: ATTRwt | B25: WT22 | C25: ATOM_WT22 | D25: ATOM | E25: DETECT_ONCE | F25: Mild-to-moderate length-dependent sensory polyneuropathy in an otherwise ATTRwt-like older cardiac/orthopedic phenotype | G25: Neurologic | H25: NEUROLOGY | I25: NEURO | J25: Supporting extracardiac clue / subtype guardrail | K25: ATTRwt remains possible | L25: Tier 3 | M25: No | N25: Tier 4 | O25: ORGAN_OR_PHENOTYPE_EVIDENCE | P25: Tier 3 | R25: Usually with established systemic/cardio phenotype | S25: Mild sensory PN + strong orthopedic/cardio ATTRwt cluster and no hereditary red flags | T25: No neuropathy severity threshold defines ATTRwt. | U25: Yes | V25: High | W25: Neurology; EMG; problem list | X25: sensory polyneuropathy; axonal neuropathy; numbness | Y25: Low-moderate positive/compatibility feature; subtype interpretation depends on phenotype severity. | Z25: Prominent painful small-fiber neuropathy, severe dysautonomia, GI failure, ocular signs or family history shift strongly toward ATTRv; AL also causes neuropathy. | AA25: Moderate | AB25: 2.5 | AC25: 2.5 | AD25: Guardrail / differential | AE25: https://pubmed.ncbi.nlm.nih.gov/34994254/ | AF25: https://pubmed.ncbi.nlm.nih.gov/36644836/ | AG25: Detect once using canonical ID; phenotype overlays decide tier/role. | AH25: =IF(AND(E25<>"",D25<>""),"COVERED","MISSING") -> COVERED
A26: ATTRwt | B26: WT30 | C26: ATOM_WT30 | D26: DO_NOT_USE | E26: RETAIN_FOR_AUDIT_ONLY | F26: Elevated serum uric acid | G26: Metabolic laboratory | H26: ENDOCRINE / METABOLIC | I26: SYSTEMIC_CONTEXT | J26: Prognostic marker — not recommended as suspicion feature | K26: Very weak ATTRwt support; prognostic only | M26: No | Q26: NONE_DO_NOT_USE | R26: At established cardiac disease | S26: Do not use for positive suspicion; at most retain for prognosis/severity research | T26: No validated pre-test cutoff for ATTRwt suspicion. | U26: Yes | V26: High | W26: Chemistry lab | X26: serum uric acid; urate | Y26: Tier 5 / weak. Exclude from positive screening score unless a future comparative prediagnosis study demonstrates discrimination. | Z26: CKD, diuretics, gout, metabolic syndrome and HF commonly elevate uric acid. | AA26: Moderate-High | AB26: 1.5 | AC26: 1 | AD26: Tier 5 - weak | AE26: https://pubmed.ncbi.nlm.nih.gov/31825676/ | AF26: https://pubmed.ncbi.nlm.nih.gov/26660282/ | AG26: Retain only for audit/research; do not use as a positive screening trigger. | AH26: =IF(AND(E26<>"",D26<>""),"COVERED","MISSING") -> COVERED
A27: ATTRwt | B27: WT25 | C27: HEME_MGUS | D27: GUARDRAIL_ROUTE | E27: ROUTE_OR_MODIFY_INTERPRETATION | F27: Monoclonal gammopathy / MGUS in an otherwise ATTRwt-like phenotype | G27: Hematology / differential | H27: HEMATOLOGY | I27: HEME_CLONAL | J27: Subtype guardrail | K27: Does not exclude ATTRwt; raises AL concern | M27: No | Q27: AL_SAFETY | R27: At or before amyloid evaluation | S27: MGUS + strong orthopedic/cardio ATTR phenotype ? keep both AL and ATTR in differential | T27: Do not treat MGUS as ATTRwt-positive evidence. It is a differential guardrail and changes the diagnostic pathway. | U27: Only if already known | V27: High | W27: Hematology history; lab results | X27: MGUS; M-spike; monoclonal gammopathy; immunofixation | Y27: Guardrail only; low positive-ranking multiplier but high clinical importance. | Z27: AL is urgent and must be actively excluded. Presence of monoclonal protein invalidates simple non-invasive ATTR attribution and usually requires definitive typing in the clinical pathway. | AA27: High | AB27: 4 | AC27: 1.5 | AD27: Guardrail / differential | AE27: https://pubmed.ncbi.nlm.nih.gov/29424556/ | AF27: https://pubmed.ncbi.nlm.nih.gov/33825853/ | AG27: Guardrail/route: never treat as weak positive Tier 4. | AH27: =IF(AND(E27<>"",D27<>""),"COVERED","MISSING") -> COVERED
A28: ATTRwt | B28: WT26 | C28: RULE_WT26 | D28: GUARDRAIL_ROUTE | E28: ROUTE_OR_MODIFY_INTERPRETATION | F28: Abnormal serum free-light-chain ratio in CKD that may reflect renal clearance rather than monoclonality | G28: Renal / hematology | H28: HEMATOLOGY | I28: HEME_CLONAL | J28: Subtype guardrail | K28: Does not exclude ATTRwt; may be CKD-related FLC shift | M28: No | Q28: AL_SAFETY_INTERPRET_FLC_WITH_CKD | R28: At differential work-up or incidental monoclonal testing | S28: CKD + mild FLC-ratio shift + negative/discordant monoclonal evidence + strong ATTR phenotype | T28: CORRECTION: do not use one blanket 0.54–3.30 range for all eGFR ?45. Use assay- and eGFR-specific reference data. | U28: Only if already known | V28: High | W28: Chemistry + hematology lab | X28: eGFR; kappa; lambda; FLC ratio | Y28: Guardrail; not ATTRwt-positive evidence. | Z28: Assay-specific reference ranges matter; true AL can coexist with CKD; immunofixation context remains essential. | AA28: High | AB28: 3.5 | AC28: 1.5 | AD28: Guardrail / differential | AE28: https://pubmed.ncbi.nlm.nih.gov/36100605/ | AF28: https://pubmed.ncbi.nlm.nih.gov/29424556/ | AG28: Guardrail/route: never treat as weak positive Tier 4. | AH28: =IF(AND(E28<>"",D28<>""),"COVERED","MISSING") -> COVERED
A29: ATTRwt | B29: WT27 | C29: RULE_AL_ORIENTED_MULTISYSTEM | D29: GUARDRAIL_ROUTE | E29: ROUTE_OR_MODIFY_INTERPRETATION | F29: Nephrotic-range proteinuria/marked hypoalbuminemia, macroglossia/periorbital purpura, or strong plasma-cell-disorder context | G29: Renal / mucocutaneous / hematology | H29: HEMATOLOGY | I29: MULTISYSTEM_COMPOSITE | J29: Counter-evidence / AL differential | K29: Raises AL concern | M29: No | Q29: AL | R29: Before/at systemic presentation | S29: Heavy proteinuria + clonal/mucocutaneous AL pattern ? prioritize AL exclusion | T29: No absolute exclusion; this is a strong directional counter-signal. | U29: Yes | V29: High | W29: Labs; problem list; exam notes | X29: nephrotic syndrome; proteinuria; hypoalbuminemia; macroglossia; periorbital purpura; myeloma | Y29: ATTRwt down-weight / urgent AL guardrail. | Z29: MGUS can coexist with ATTRwt, so subtype must remain unresolved until appropriate typing; renal disease can have non-amyloid causes. | AA29: High | AB29: 5 | AC29: 1 | AD29: Guardrail / differential | AE29: https://medinform.jmir.org/2026/1/e85803 | AF29: https://pubmed.ncbi.nlm.nih.gov/29424556/ | AG29: Guardrail/route: never treat as weak positive Tier 4. | AH29: =IF(AND(E29<>"",D29<>""),"COVERED","MISSING") -> COVERED
A30: ATTRwt | B30: WT28 | C30: RULE_ATTRV_NEURO_AUTONOMIC | D30: GUARDRAIL_ROUTE | E30: ROUTE_OR_MODIFY_INTERPRETATION | F30: Prominent painful polyneuropathy with marked dysautonomia/GI dysfunction ± family history or ocular signs | G30: Neurologic / autonomic / hereditary | H30: AUTONOMIC / NEUROLOGY | I30: MULTISYSTEM_COMPOSITE | J30: Counter-evidence / ATTRv differential | K30: Points toward ATTRv | M30: No | Q30: ATTRv | R30: Often earlier in ATTRv than classic ATTRwt cardiomyopathy | S30: Painful/axonal PN + orthostasis/GI/weight loss + family/ocular signs | T30: Family history is supportive but absence does not exclude ATTRv; age does not establish wild-type. | U30: Yes | V30: High | W30: Neurology; GI; family history | X30: small-fiber neuropathy; dysautonomia; orthostasis; diarrhea/constipation; vitreous opacities; family neuropathy | Y30: Strong ATTRwt down-weight / ATTRv guardrail. | Z30: ATTRwt can have some neuropathy/orthostasis, but severe or early autonomic/mixed phenotype shifts toward ATTRv. | AA30: High | AB30: 4.5 | AC30: 1 | AD30: Guardrail / differential | AE30: https://pubmed.ncbi.nlm.nih.gov/31907599/ | AF30: https://pubmed.ncbi.nlm.nih.gov/36644836/ | AG30: Guardrail/route: never treat as weak positive Tier 4. | AH30: =IF(AND(E30<>"",D30<>""),"COVERED","MISSING") -> COVERED
A31: ATTRwt | B31: WT29 | C31: RULE_AA_DRIVER_PLUS_RENAL | D31: GUARDRAIL_ROUTE | E31: ROUTE_OR_MODIFY_INTERPRETATION | F31: Chronic inflammatory/autoinflammatory disease or chronic infection + persistent inflammatory burden + heavy proteinuria | G31: Inflammatory / renal | H31: NEPHROLOGY | I31: MULTISYSTEM_COMPOSITE | J31: Counter-evidence / AA differential | K31: Points toward AA | M31: No | Q31: AA | R31: After sustained inflammatory disease | S31: Persistent inflammatory disease + CRP/SAA burden + proteinuria/nephrotic syndrome | T31: No single inflammation duration threshold; use chronicity/activity plus renal transition. | U31: Yes | V31: High | W31: Problem list; labs; rheumatology/infectious disease | X31: FMF; RA; Crohn; TB; bronchiectasis; CRP/SAA; proteinuria | Y31: ATTRwt down-weight / AA guardrail. | Z31: Older patients may have both degenerative cardiac disease and inflammatory illness; renal cause may remain unresolved. | AA31: High | AB31: 4.5 | AC31: 1 | AD31: Guardrail / differential | AE31: https://pubmed.ncbi.nlm.nih.gov/36759076/ | AF31: https://pubmed.ncbi.nlm.nih.gov/31766892/ | AG31: Guardrail/route: never treat as weak positive Tier 4. | AH31: =IF(AND(E31<>"",D31<>""),"COVERED","MISSING") -> COVERED
A32: ATTRv | B32: V02 | C32: ATOM_V02 | D32: ATOM | E32: DETECT_ONCE | F32: Progressive length-dependent axonal sensorimotor polyneuropathy | G32: Neurologic | H32: NEUROLOGY | I32: NEURO | J32: Core neurologic phenotype | K32: Strongly supports ATTRv | L32: Tier 1 | M32: Yes | N32: Tier 1 | O32: ORGAN_OR_PHENOTYPE_EVIDENCE | P32: Tier 1 | R32: Often the first recognized manifestation | S32: Progressive axonal PN + autonomic/GI/cardiac/family/ocular red flag | T32: No single NCS threshold is diagnostic; progression and phenotype matter. | U32: Yes | V32: High | W32: Neurology notes; diagnosis table; EMG/NCS reports | X32: axonal polyneuropathy; sensorimotor neuropathy; length-dependent neuropathy | Y32: Core high-weight feature; use with red-flag enrichment rather than alone. | Z32: Diabetes, alcohol, nutritional deficiency, toxic neuropathy, AL, CIDP and idiopathic axonal neuropathy can mimic. | AA32: High | AB32: 5 | AC32: 5 | AD32: Tier 1 - highest | AE32: https://pubmed.ncbi.nlm.nih.gov/31907599/ | AF32: https://pubmed.ncbi.nlm.nih.gov/35730447/ | AG32: Detect once using canonical ID; phenotype overlays decide tier/role. | AH32: =IF(AND(E32<>"",D32<>""),"COVERED","MISSING") -> COVERED
A33: ATTRv | B33: V03 | C33: RULE_V03 | D33: COMPOSITE_RULE | E33: EVALUATE_CROSS_BUCKET_RULE | F33: Idiopathic axonal polyneuropathy plus ?2 ATTRv systemic red flags | G33: Neurologic / multisystem | H33: MULTISPECIALTY | I33: MULTISYSTEM_COMPOSITE | J33: High-priority screening cluster | K33: Strongly supports ATTRv | M33: No | R33: Before genetic confirmation | S33: PN + ?2 of family history, bilateral/recurrent CTS, dysautonomia, GI disease, cardiac disease, ocular signs or renal abnormalities | T33: Use the published ?2-red-flag structure as a research heuristic, not a universal diagnostic cutoff. | U33: Yes | V33: High | W33: Derived from diagnoses, family history, notes, cardiology/GI/ophthalmology data | X33: idiopathic axonal neuropathy; red flags; multisystem | Y33: Core review-priority phenotype. | Z33: Yield is referral- and geography-dependent; the 10% figure is not a universal prevalence estimate. | AA33: High | AB33: 5 | AC33: 5 | AD33: Tier 1 - highest | AE33: https://pubmed.ncbi.nlm.nih.gov/37725003/ | AF33: https://pubmed.ncbi.nlm.nih.gov/26663427/ | AG33: Composite/temporal rule: do not count as an extra independent bucket. | AH33: =IF(AND(E33<>"",D33<>""),"COVERED","MISSING") -> COVERED
A34: ATTRv | B34: V04 | C34: ATOM_V04 | D34: ATOM | E34: DETECT_ONCE | F34: Painful small-fiber neuropathy / burning feet with early pain-temperature loss | G34: Neurologic | H34: NEUROLOGY | I34: NEURO | J34: Core neurologic phenotype | K34: Strongly supports ATTRv | L34: Tier 1 | M34: Yes | N34: Tier 1 | O34: ORGAN_OR_PHENOTYPE_EVIDENCE | P34: Tier 1 | R34: Often early, before major weakness | S34: Painful small-fiber PN + dysautonomia/GI symptoms/family history | T34: Routine NCS can be normal early; do not require large-fiber abnormalities. | U34: Yes | V34: High | W34: Neurology notes; symptom NLP; skin/small-fiber testing if done | X34: burning feet; small fiber neuropathy; pain-temperature loss | Y34: Strong positive neurologic feature, especially with multisystem enrichment. | Z34: Diabetic and idiopathic small-fiber neuropathy are common mimics; AL can also cause painful/autonomic neuropathy. | AA34: High | AB34: 5 | AC34: 5 | AD34: Tier 1 - highest | AE34: https://pubmed.ncbi.nlm.nih.gov/31907599/ | AF34: https://pubmed.ncbi.nlm.nih.gov/37869146/ | AG34: Detect once using canonical ID; phenotype overlays decide tier/role. | AH34: =IF(AND(E34<>"",D34<>""),"COVERED","MISSING") -> COVERED
A35: ATTRv | B35: V06 | C35: RULE_V06 | D35: COMPOSITE_RULE | E35: EVALUATE_CROSS_BUCKET_RULE | F35: Mixed neurologic + cardiac phenotype | G35: Multisystem | H35: MULTISPECIALTY | I35: MULTISYSTEM_COMPOSITE | J35: Composite discriminator / cluster | K35: Strongly supports ATTRv | M35: No | R35: May evolve over years | S35: Progressive PN/dysautonomia + LVH/HFpEF/arrhythmia ± family history | T35: No universal combination score is validated. | U35: Yes | V35: High | W35: Derived from neurology + cardiology data | X35: neuropathy + cardiomyopathy; mixed phenotype | Y35: Core subtype-discrimination construct. | Z35: AL is also multisystem; renal/plasma-cell clues should redirect toward AL. | AA35: High | AB35: 5 | AC35: 5 | AD35: Tier 1 - highest | AE35: https://pubmed.ncbi.nlm.nih.gov/38844302/ | AF35: https://pubmed.ncbi.nlm.nih.gov/35730447/ | AG35: Composite/temporal rule: do not count as an extra independent bucket. | AH35: =IF(AND(E35<>"",D35<>""),"COVERED","MISSING") -> COVERED
A36: ATTRv | B36: V05 | C36: ATOM_V05 | D36: ATOM | E36: DETECT_ONCE | F36: Early autonomic dysfunction / dysautonomia | G36: Autonomic neurologic | H36: AUTONOMIC / NEUROLOGY | I36: AUTONOMIC | J36: Early autonomic red flag | K36: Strongly supports ATTRv | L36: Tier 1 | M36: Yes | N36: Tier 1 | O36: ORGAN_OR_PHENOTYPE_EVIDENCE | P36: Tier 1 | R36: Can be first manifestation | S36: Dysautonomia + progressive neuropathy + GI/weight loss/family or cardiac clues | T36: No universal autonomic score threshold for general screening. | U36: Yes | V36: High | W36: Neurology; cardiology; GI/urology notes | X36: dysautonomia; autonomic neuropathy; sweating abnormality | Y36: Core positive feature; subtype value rises when autonomic involvement is early and multi-domain. | Z36: AL, diabetes, Parkinsonian disorders and medications can also cause dysautonomia. | AA36: High | AB36: 5 | AC36: 5 | AD36: Tier 1 - highest | AE36: https://pubmed.ncbi.nlm.nih.gov/31473866/ | AF36: https://pubmed.ncbi.nlm.nih.gov/31907599/ | AG36: Detect once using canonical ID; phenotype overlays decide tier/role. | AH36: =IF(AND(E36<>"",D36<>""),"COVERED","MISSING") -> COVERED
A37: ATTRv | B37: V14 | C37: ATOM_V14 | D37: ATOM | E37: DETECT_ONCE | F37: Prior CIDP diagnosis with poor/absent IVIG or immunotherapy response | G37: Neurologic | H37: NEUROLOGY | I37: NEURO | J37: Misdiagnosis red flag | K37: Strongly supports ATTRv | L37: Tier 1 | M37: Yes | N37: Tier 2 | O37: ORGAN_OR_PHENOTYPE_EVIDENCE | P37: Tier 1 | R37: Before correct diagnosis | S37: CIDP label + distal axonal/progressive course + autonomic/GI/cardiac/CTS clues | T37: No number-of-IVIG-cycles threshold is validated. | U37: Yes | V37: High | W37: Neurology notes; infusion/medication history | X37: CIDP; IVIG; refractory; no response; steroid nonresponse | Y37: High-priority review trigger, not proof of ATTRv. | Z37: True refractory CIDP exists; a 2025 red-flag screening study showed red flags alone have limited specificity. | AA37: High | AB37: 4 | AC37: 5 | AD37: Tier 1 - highest | AE37: https://pubmed.ncbi.nlm.nih.gov/28188196/ | AF37: https://pubmed.ncbi.nlm.nih.gov/40670759/ | AG37: Detect once using canonical ID; phenotype overlays decide tier/role. | AH37: =IF(AND(E37<>"",D37<>""),"COVERED","MISSING") -> COVERED
A38: ATTRv | B38: V15 | C38: ATOM_V15 | D38: ATOM | E38: DETECT_ONCE | F38: Vitreous opacities / amyloid vitreopathy / unexplained recurrent dark floaters confirmed by ophthalmology | G38: Ocular | H38: OPHTHALMOLOGY | I38: OCULAR | J38: Strong subtype clue | K38: Strongly supports ATTRv | L38: Tier 1 | M38: Yes | N38: Tier 2 | O38: ORGAN_OR_PHENOTYPE_EVIDENCE | P38: Tier 1 | R38: Variable; may precede other systemic recognition in ocular-prone variants | S38: Vitreous opacities + neuropathy/family history/scalloped pupil | T38: No universal prevalence or symptom-only diagnostic criterion across variants. | U38: Yes | V38: Moderate | W38: Ophthalmology notes; procedure history | X38: vitreous opacities; vitreopathy; dark floaters | Y38: High subtype discriminator when objectively documented. | Z38: Common benign floaters are not equivalent; ophthalmologist documentation matters. | AA38: High | AB38: 4 | AC38: 5 | AD38: Tier 1 - highest | AE38: https://pubmed.ncbi.nlm.nih.gov/42078187/ | AF38: https://pubmed.ncbi.nlm.nih.gov/20301373/ | AG38: Detect once using canonical ID; phenotype overlays decide tier/role. | AH38: =IF(AND(E38<>"",D38<>""),"COVERED","MISSING") -> COVERED
A39: ATTRv | B39: V07 | C39: ATOM_V07 | D39: ATOM | E39: DETECT_ONCE | F39: First-degree family history of genetically or clinically established ATTR amyloidosis | G39: Genetic / family | H39: GENETICS / FAMILY HISTORY | I39: HEREDITARY | J39: Background risk | K39: Strongly supports ATTRv | L39: Tier 1 | M39: Yes | N39: Tier 2 | O39: ETIOLOGIC_CONTEXT | P39: Tier 1 | R39: Can precede symptoms by decades | S39: Family history + any compatible neuropathy/autonomic/cardiac/ocular sign | T39: No family-history requirement; absence must not be used as a negative gate. | U39: Yes | V39: Moderate | W39: Family-history field; genetics and neurology notes | X39: family amyloidosis; TTR; familial neuropathy/cardiomyopathy | Y39: Strong background feature; never require it. | Z39: Small families, nonpenetrance, adoption and misdiagnosis can hide family history. | AA39: High | AB39: 4 | AC39: 5 | AD39: Tier 1 - highest | AE39: https://pubmed.ncbi.nlm.nih.gov/20301373/ | AF39: https://pubmed.ncbi.nlm.nih.gov/31907599/ | AG39: Detect once using canonical ID; phenotype overlays decide tier/role. | AH39: =IF(AND(E39<>"",D39<>""),"COVERED","MISSING") -> COVERED
A40: ATTRv | B40: V08 | C40: ATOM_V08 | D40: ATOM | E40: DETECT_ONCE | F40: Family history of unexplained adult-onset progressive neuropathy | G40: Genetic / family | H40: GENETICS / FAMILY HISTORY | I40: HEREDITARY | J40: Background risk | K40: Strongly supports ATTRv | L40: Tier 2 | M40: Yes | N40: Tier 2 | O40: ETIOLOGIC_CONTEXT | P40: Tier 2 | R40: Before or at symptom onset | S40: Family neuropathy + progressive painful/axonal PN + dysautonomia/CTS/cardiac signs | T40: No universal pedigree threshold. | U40: Yes | V40: Moderate | W40: Family-history section; neurology notes | X40: family history neuropathy; walking disability; unexplained neuropathy | Y40: Strong context feature. | Z40: Diabetes and other inherited neuropathies can cluster in families. | AA40: High | AB40: 4 | AC40: 5 | AD40: Tier 1 - highest | AE40: https://pubmed.ncbi.nlm.nih.gov/42584723/ | AF40: https://pubmed.ncbi.nlm.nih.gov/31907599/ | AG40: Detect once using canonical ID; phenotype overlays decide tier/role. | AH40: =IF(AND(E40<>"",D40<>""),"COVERED","MISSING") -> COVERED
A41: ATTRv | B41: V01 | C41: ATOM_V01 | D41: ATOM | E41: DETECT_ONCE | F41: Known pathogenic/likely pathogenic TTR variant from prior cascade or family testing | G41: Genetic / family | H41: GENETICS / FAMILY HISTORY | I41: HEREDITARY | J41: Background risk | K41: Strongly supports ATTRv | L41: Tier 1 | M41: Yes | N41: Tier 2 | O41: ETIOLOGIC_CONTEXT | P41: Tier 1 | R41: Can precede symptoms by years to decades | S41: Known carrier + any new compatible neurologic, autonomic, cardiac, renal or ocular change | T41: No universal age or biomarker threshold; monitor relative to variant/family predicted age of onset. | U41: Only if already known | V41: Moderate | W41: Genetics notes; family-history section; problem list | X41: pathogenic TTR variant; TTR carrier; familial amyloidosis | Y41: Very strong prior-risk feature; require new objective/clinical evidence before labeling active ATTRv. | Z41: Incomplete penetrance; asymptomatic carriers may remain disease-free for years. | AA41: High | AB41: 4 | AC41: 5 | AD41: Tier 1 - highest | AE41: https://pubmed.ncbi.nlm.nih.gov/20301373/ | AF41: https://pubmed.ncbi.nlm.nih.gov/35730447/ | AG41: Detect once using canonical ID; phenotype overlays decide tier/role. | AH41: =IF(AND(E41<>"",D41<>""),"COVERED","MISSING") -> COVERED
A42: ATTRv | B42: V09 | C42: AUTONOMIC_ORTHOSTASIS | D42: ATOM | E42: DETECT_ONCE | F42: Orthostatic hypotension / recurrent orthostatic intolerance | G42: Autonomic / cardiovascular | H42: AUTONOMIC / CARDIOLOGY | I42: AUTONOMIC | J42: Early autonomic red flag | K42: Supports ATTRv strongly | L42: Tier 2 | M42: Yes | N42: Tier 2 | O42: ORGAN_OR_PHENOTYPE_EVIDENCE | P42: Tier 2 | R42: Can occur early | S42: Orthostasis + painful/axonal PN + GI/urinary/sexual autonomic features | T42: Use standard clinical orthostatic definitions; medication context is essential. | U42: Yes | V42: High | W42: Vitals; problem list; cardiology/neurology notes | X42: orthostatic hypotension; postural BP drop; dizziness on standing | Y42: Strong supporting feature within an autonomic cluster. | Z42: Diuretics, dehydration, antihypertensives and diabetic autonomic neuropathy can mimic. | AA42: High | AB42: 4 | AC42: 4 | AD42: Tier 1 - highest | AE42: https://pubmed.ncbi.nlm.nih.gov/31907599/ | AF42: https://pubmed.ncbi.nlm.nih.gov/31473866/ | AG42: Detect once using canonical ID; phenotype overlays decide tier/role. | AH42: =IF(AND(E42<>"",D42<>""),"COVERED","MISSING") -> COVERED
A43: ATTRv | B43: V10 | C43: AUTONOMIC_GI_DYSMOTILITY | D43: ATOM | E43: DETECT_ONCE | F43: Alternating diarrhea/constipation, chronic diarrhea, or otherwise unexplained GI dysmotility | G43: Gastrointestinal / autonomic | H43: GASTROENTEROLOGY | I43: AUTONOMIC | J43: Early autonomic red flag | K43: Supports ATTRv strongly | L43: Tier 2 | M43: Yes | N43: Tier 2 | O43: ORGAN_OR_PHENOTYPE_EVIDENCE | P43: Tier 2 | R43: Can be early | S43: GI dysmotility + progressive PN + weight loss/orthostasis | T43: No symptom-frequency or 'no abdominal pain' criterion is validated. | U43: Yes | V43: High | W43: GI notes; problem list | X43: alternating diarrhea constipation; chronic diarrhea; dysmotility | Y43: Strong multisystem feature; focus on chronicity and unexplained pattern. | Z43: IBS, IBD, celiac disease, medications and AL can mimic; NotebookLM's 'absence of abdominal pain' is not a validated universal rule. | AA43: High | AB43: 4 | AC43: 4 | AD43: Tier 1 - highest | AE43: https://pubmed.ncbi.nlm.nih.gov/26663427/ | AF43: https://pubmed.ncbi.nlm.nih.gov/20301373/ | AG43: Detect once using canonical ID; phenotype overlays decide tier/role. | AH43: =IF(AND(E43<>"",D43<>""),"COVERED","MISSING") -> COVERED
A44: ATTRv | B44: V11 | C44: AUTONOMIC_GASTROPARESIS_EARLY_SATIETY | D44: ATOM | E44: DETECT_ONCE | F44: Gastroparesis / delayed gastric emptying / early satiety / recurrent nausea-vomiting | G44: Gastrointestinal / autonomic | H44: GASTROENTEROLOGY | I44: AUTONOMIC | J44: Early autonomic red flag | K44: Supports ATTRv strongly | L44: Tier 2 | M44: Yes | N44: Tier 2 | O44: ORGAN_OR_PHENOTYPE_EVIDENCE | P44: Tier 2 | R44: Can be early | S44: Gastroparesis/early satiety + neuropathy + orthostasis/weight loss | T44: No amyloid-specific gastric-emptying threshold. | U44: Yes | V44: High | W44: GI notes; gastric emptying report | X44: gastroparesis; delayed gastric emptying; early satiety | Y44: Strong supporting feature in autonomic cluster. | Z44: Diabetes, medications, functional GI disorders and AL are important mimics. | AA44: High | AB44: 4 | AC44: 4 | AD44: Tier 1 - highest | AE44: https://pubmed.ncbi.nlm.nih.gov/20301373/ | AF44: https://pubmed.ncbi.nlm.nih.gov/38174864/ | AG44: Detect once using canonical ID; phenotype overlays decide tier/role. | AH44: =IF(AND(E44<>"",D44<>""),"COVERED","MISSING") -> COVERED
A45: ATTRv | B45: V16 | C45: ATOM_V16 | D45: ATOM | E45: DETECT_ONCE | F45: Scalloped pupil / characteristic pupillary or iris abnormality | G45: Ocular | H45: OPHTHALMOLOGY | I45: OCULAR | J45: Strong subtype clue | K45: Strongly supports ATTRv | L45: Tier 1 | M45: Yes | N45: Tier 3 | O45: ORGAN_OR_PHENOTYPE_EVIDENCE | P45: Tier 1 | R45: Usually during ocular involvement | S45: Scalloped pupil + vitreous disease + neuropathy/family history | T45: No universal threshold; specialist documentation required. | U45: Yes | V45: Moderate | W45: Ophthalmology notes | X45: scalloped pupil; irregular pupil; amyloid iris | Y45: High discriminator, low sensitivity. | Z45: Low sensitivity and examiner dependence; other pupillary disorders exist. | AA45: High | AB45: 3 | AC45: 5 | AD45: Tier 1 - highest | AE45: https://pubmed.ncbi.nlm.nih.gov/42078187/ | AF45: https://pubmed.ncbi.nlm.nih.gov/20301373/ | AG45: Detect once using canonical ID; phenotype overlays decide tier/role. | AH45: =IF(AND(E45<>"",D45<>""),"COVERED","MISSING") -> COVERED
A46: ATTRv | B46: V12 | C46: SYSTEMIC_WEIGHT_LOSS | D46: ATOM | E46: DETECT_ONCE | F46: Unintentional weight loss / declining BMI or mBMI | G46: Systemic / GI | H46: GENERAL MEDICINE | I46: SYSTEMIC_CONTEXT | J46: Supporting systemic clue | K46: Supports ATTRv strongly | L46: Tier 3 | M46: No | N46: Tier 2 | O46: MODIFIER | P46: Tier 3 | R46: Can precede or accompany neuropathy | S46: Weight loss + GI dysmotility + neuropathy/autonomic signs | T46: No universal percentage-loss or mBMI cutoff for screening. | U46: Yes | V46: High | W46: Weights; nutrition notes; problem list | X46: unintentional weight loss; BMI decline; cachexia | Y46: Moderate-strong feature in a multisystem cluster. | Z46: AL, cancer, infection and many GI disorders also cause weight loss. | AA46: High | AB46: 4 | AC46: 4 | AD46: Tier 1 - highest | AE46: https://pubmed.ncbi.nlm.nih.gov/26663427/ | AF46: https://pubmed.ncbi.nlm.nih.gov/37869146/ | AG46: Detect once using canonical ID; phenotype overlays decide tier/role. | AH46: =IF(AND(E46<>"",D46<>""),"COVERED","MISSING") -> COVERED
A47: ATTRv | B47: V17 | C47: ATOM_V17 | D47: ATOM | E47: DETECT_ONCE | F47: Persistent microalbuminuria in a known TTR carrier | G47: Renal / carrier surveillance | H47: NEPHROLOGY | I47: RENAL | J47: Carrier conversion clue | K47: Supports ATTRv strongly | L47: Tier 2 | M47: No — modifier/context only | N47: Tier 2 | O47: ORGAN_OR_PHENOTYPE_EVIDENCE | P47: Tier 2 | R47: May precede overt neuropathy/nephropathy | S47: Known carrier + persistent microalbuminuria + subtle neurologic/autonomic change | T47: Do not generalize the p.Val50Met cohort cadence/cutoffs to all variants. | U47: Only if already known | V47: High | W47: Urine laboratory | X47: UACR; microalbumin; albuminuria | Y47: Useful carrier-surveillance feature; lower weight in unselected patients. | Z47: Evidence is old and genotype-specific; diabetes/HTN also cause albuminuria, so it is not a general-population ATTRv rule. | AA47: Moderate-High | AB47: 4 | AC47: 4 | AD47: Tier 2 - high | AE47: https://pubmed.ncbi.nlm.nih.gov/12584275/ | AF47: https://pubmed.ncbi.nlm.nih.gov/20301373/ | AG47: Detect once using canonical ID; phenotype overlays decide tier/role. | AH47: =IF(AND(E47<>"",D47<>""),"COVERED","MISSING") -> COVERED
... A57: ATTRv | B57: V22 | C57: ATOM_V22 | D57: ATOM | E57: DETECT_ONCE | F57: Nerve ultrasound showing abnormal proximal nerve/plexus enlargement or ATTR-pattern abnormalities | G57: Neurologic imaging | H57: NEUROLOGY | I57: NEURO | J57: Specialized early marker | K57: Supports ATTRv | L57: Tier 3 | M57: No | N57: Tier 3 | O57: ORGAN_OR_PHENOTYPE_EVIDENCE | P57: Tier 3 | R57: Potentially presymptomatic/early | S57: Ultrasound abnormality + carrier/family status + subtle PN | T57: No universal cross-sectional-area threshold. | U57: Only if already known | V57: Low | W57: Neurology ultrasound report | X57: nerve ultrasound; cross-sectional area; brachial plexus | Y57: Exploratory/specialized supporting feature. | Z57: Evidence is small and variant/center-specific; pattern is not validated for population screening. | AA57: Moderate | AB57: 3 | AC57: 4 | AD57: Tier 3 - moderate | AE57: https://www.sciencedirect.com/science/article/pii/S1388245725012982 | AF57: https://pubmed.ncbi.nlm.nih.gov/37869146/ | AG57: Detect once using canonical ID; phenotype overlays decide tier/role. | AH57: =IF(AND(E57<>"",D57<>""),"COVERED","MISSING") -> COVERED
A58: ATTRv | B58: V37 | C58: RULE_V37 | D58: GUARDRAIL_ROUTE | E58: ROUTE_OR_MODIFY_INTERPRETATION | F58: Mild/well-controlled diabetes that does not explain severe, rapidly progressive or ataxic neuropathy | G58: Metabolic / neurologic | H58: NEUROLOGY | I58: NEURO | J58: Specificity guardrail | K58: Supports ATTRv modestly | M58: No | Q58: ANTI_ANCHORING_NOT_EXCLUSION | R58: During neuropathy work-up | S58: Controlled/mild diabetes + rapid axonal progression + dysautonomia/GI/family/CTS | T58: No HbA1c or diabetes-duration threshold is validated for ATTRv screening. | U58: Yes | V58: High | W58: Problem list; HbA1c; neurology notes | X58: diabetes; HbA1c; rapidly progressive neuropathy | Y58: Use as an anti-anchoring composite, not a positive diabetes feature. | Z58: Diabetes remains the most common cause of neuropathy and should generally lower specificity. | AA58: Moderate | AB58: 4 | AC58: 4 | AD58: Tier 3 - moderate | AE58: https://pubmed.ncbi.nlm.nih.gov/42584723/ | AF58: https://pubmed.ncbi.nlm.nih.gov/31907599/ | AG58: Guardrail/route: never treat as weak positive Tier 4. | AH58: =IF(AND(E58<>"",D58<>""),"COVERED","MISSING") -> COVERED
A59: ATTRv | B59: V23 | C59: ATOM_V23 | D59: ATOM | E59: DETECT_ONCE | F59: Cardiac sympathetic denervation on 123I-MIBG scintigraphy | G59: Cardiac autonomic imaging | H59: AUTONOMIC / CARDIOLOGY | I59: CARDIO | J59: Specialized early marker | K59: Supports ATTRv modestly | L59: Tier 3 | M59: No | N59: Tier 2 | O59: ORGAN_OR_PHENOTYPE_EVIDENCE | P59: Tier 3 | R59: Potentially subclinical/early | S59: Abnormal MIBG + carrier status + autonomic/neurologic signs | T59: No universal screening threshold; do not claim superiority to bone scintigraphy as established clinical standard. | U59: Only if already known | V59: Low | W59: Nuclear cardiology report | X59: 123I-MIBG; heart-to-mediastinum ratio; sympathetic denervation | Y59: Specialized carrier-monitoring signal only. | Z59: Small study; MIBG is not routine in many systems and is not ATTRv-specific. | AA59: Moderate | AB59: 4 | AC59: 3 | AD59: Tier 3 - moderate | AE59: https://pubmed.ncbi.nlm.nih.gov/41773910/ | AF59: https://pubmed.ncbi.nlm.nih.gov/31907599/ | AG59: Detect once using canonical ID; phenotype overlays decide tier/role. | AH59: =IF(AND(E59<>"",D59<>""),"COVERED","MISSING") -> COVERED
A60: ATTRv | B60: V29 | C60: ATOM_V29 | D60: ATOM | E60: DETECT_ONCE | F60: Painless plantar ulcers / trophic foot changes / Charcot-type injury from sensory loss | G60: Neurologic / skin | H60: NEUROLOGY | I60: NEURO | J60: Supporting systemic clue | K60: Supports ATTRv modestly | L60: Tier 3 | M60: No | N60: Tier 3 | O60: ORGAN_OR_PHENOTYPE_EVIDENCE | P60: Tier 3 | R60: Usually after small-fiber sensory loss; can precede recognition of large-fiber weakness | S60: Painless ulcers + pain-temperature loss + autonomic/GI/family clues | T60: No ulcer number/location threshold is validated. | U60: Yes | V60: High | W60: Wound care; podiatry; neurology notes | X60: plantar ulcer; painless ulcer; Charcot joint; trophic change | Y60: Moderate cluster feature; down-weight strongly if diabetes/vascular explanation is adequate. | Z60: Diabetes and vascular disease are major mimics and often more common causes. | AA60: Moderate | AB60: 3 | AC60: 3 | AD60: Tier 4 - low | AE60: https://pmc.ncbi.nlm.nih.gov/articles/PMC3584981/ | AF60: https://pubmed.ncbi.nlm.nih.gov/20301373/ | AG60: Detect once using canonical ID; phenotype overlays decide tier/role. | AH60: =IF(AND(E60<>"",D60<>""),"COVERED","MISSING") -> COVERED
A61: ATTRv | B61: V27 | C61: ATOM_V27 | D61: ATOM | E61: DETECT_ONCE | F61: Urinary retention/incontinence / neurogenic bladder with neuropathy | G61: Autonomic / urogenital | H61: AUTONOMIC / NEUROLOGY | I61: AUTONOMIC | J61: Supporting systemic clue | K61: Supports ATTRv modestly | L61: Tier 3 | M61: No | N61: Tier 3 | O61: ORGAN_OR_PHENOTYPE_EVIDENCE | P61: Tier 3 | R61: Usually with autonomic disease | S61: Bladder dysfunction + orthostasis/GI + progressive PN | T61: No subtype-specific urodynamic threshold. | U61: Yes | V61: Moderate | W61: Urology/neurology notes | X61: urinary retention; neurogenic bladder; incontinence | Y61: Supporting cluster feature. | Z61: BPH, pelvic disease, spinal disease, medications and diabetes are common mimics. | AA61: Moderate | AB61: 3 | AC61: 3 | AD61: Tier 4 - low | AE61: https://pubmed.ncbi.nlm.nih.gov/20301373/ | AF61: https://pubmed.ncbi.nlm.nih.gov/38174864/ | AG61: Detect once using canonical ID; phenotype overlays decide tier/role. | AH61: =IF(AND(E61<>"",D61<>""),"COVERED","MISSING") -> COVERED
A62: ATTRv | B62: V31 | C62: ATOM_V31 | D62: ATOM | E62: DETECT_ONCE | F62: Progressive intolerance to antihypertensives / need to down-titrate therapy with falling blood pressure | G62: Cardiac / autonomic | H62: AUTONOMIC / CARDIOLOGY | I62: AUTONOMIC | J62: ATTR/cardiac-amyloid clue | K62: Weakly supports ATTRv | L62: Tier 3 | M62: No | N62: Tier 3 | O62: ORGAN_OR_PHENOTYPE_EVIDENCE | P62: Tier 3 | R62: Often with developing cardiac/autonomic involvement | S62: Down-titration + neuropathy/autonomic/family history | T62: No validated 'disappearing hypertension' magnitude or medication-count threshold. | U62: Yes | V62: High | W62: Medication list; BP vitals; cardiology notes | X62: antihypertensive discontinued; beta-blocker intolerance; ACEi intolerance; low BP | Y62: Moderate amyloid red flag, low subtype discriminator. | Z62: This is cardiac-amyloidosis/ATTR-general, not ATTRv-specific; AL can also cause intolerance. | AA62: High | AB62: 3 | AC62: 2 | AD62: Tier 4 - low | AE62: https://pubmed.ncbi.nlm.nih.gov/36697326/ | AF62: https://pmc.ncbi.nlm.nih.gov/articles/PMC9897687/ | AG62: Detect once using canonical ID; phenotype overlays decide tier/role. | AH62: =IF(AND(E62<>"",D62<>""),"COVERED","MISSING") -> COVERED
A63: ATTRv | B63: V30 | C63: ORTHO_LUMBAR_STENOSIS | D63: ATOM | E63: DETECT_ONCE | F63: Lumbar spinal stenosis / prior decompression with persistent lower-limb symptoms | G63: Musculoskeletal / neurologic | H63: ORTHOPEDICS | I63: ORTHO | J63: ATTR-general clue | K63: Weakly supports ATTRv | L63: Tier 4 | M63: No | N63: Tier 3 | O63: ORGAN_OR_PHENOTYPE_EVIDENCE | P63: Tier 4 | R63: Can precede neuropathy/cardiac diagnosis | S63: LSS + progressive neuropathy/dysautonomia/family history | T63: No validated imaging or surgical threshold for ATTRv suspicion. | U63: Yes | V63: High | W63: Problem list; spine MRI; surgery | X63: lumbar stenosis; laminectomy; decompression; ligamentum flavum | Y63: Low ATTRv subtype weight; use only with neurologic/hereditary enrichment. | Z63: Degenerative stenosis is common and the long isolated orthopedic prodrome is more ATTRwt-oriented. | AA63: Moderate-High | AB63: 3 | AC63: 2 | AD63: Tier 5 - weak | AE63: https://pmc.ncbi.nlm.nih.gov/articles/PMC10585157/ | AF63: https://pubmed.ncbi.nlm.nih.gov/36644836/ | AG63: Detect once using canonical ID; phenotype overlays decide tier/role. | AH63: =IF(AND(E63<>"",D63<>""),"COVERED","MISSING") -> COVERED
A64: ATTRv | B64: V34 | C64: ATOM_V34 | D64: ATOM | E64: DETECT_ONCE | F64: Severe GI weight loss that has been labeled anorexia/eating disorder without a convincing psychiatric explanation | G64: Gastrointestinal / systemic | H64: GASTROENTEROLOGY | I64: AUTONOMIC | J64: Variant-specific clue | K64: Weakly supports ATTRv | L64: Tier 4 | M64: No | N64: Tier 3 | O64: ORGAN_OR_PHENOTYPE_EVIDENCE | P64: Tier 4 | R64: Can precede diagnosis in selected variants | S64: Eating-disorder label + objective GI dysmotility + neuropathy/autonomic/family clue | T64: No validated diagnostic pattern or weight-loss cutoff. | U64: Yes | V64: Moderate | W64: Psychiatry/GI notes; weight trend | X64: anorexia nervosa; cachexia; early satiety; gastroparesis | Y64: Low-weight variant-specific mimic row. | Z64: Evidence is variant-specific and not adequate for a general ATTRv rule; true eating disorders and other GI disease are common. | AA64: Moderate-Low | AB64: 3 | AC64: 2 | AD64: Tier 5 - weak | AE64: https://pubmed.ncbi.nlm.nih.gov/37869146/ | AF64: https://pubmed.ncbi.nlm.nih.gov/38844302/ | AG64: Detect once using canonical ID; phenotype overlays decide tier/role. | AH64: =IF(AND(E64<>"",D64<>""),"COVERED","MISSING") -> COVERED
A65: ATTRv | B65: V35 | C65: ATOM_V35 | D65: ATOM | E65: DETECT_ONCE | F65: Glaucoma or dry-eye syndrome without vitreous/pupillary or neurologic/family features | G65: Ocular | H65: OPHTHALMOLOGY | I65: OCULAR | J65: Supporting systemic clue | K65: Weakly supports ATTRv | L65: Tier 4 | M65: No | N65: Tier 4 | O65: ORGAN_OR_PHENOTYPE_EVIDENCE | P65: Tier 4 | R65: Usually later / variant-dependent | S65: Glaucoma/dry eye + vitreous/pupillary signs + PN/family history | T65: No common-eye-disease threshold should be used. | U65: Yes | V65: High | W65: Ophthalmology problem list | X65: glaucoma; dry eye | Y65: Low-weight cluster feature only. | Z65: Very low specificity without vitreous opacities, pupillary abnormalities or systemic clues. | AA65: Moderate | AB65: 2 | AC65: 2 | AD65: Tier 5 - weak | AE65: https://pubmed.ncbi.nlm.nih.gov/42078187/ | AF65: https://pubmed.ncbi.nlm.nih.gov/20301373/ | AG65: Detect once using canonical ID; phenotype overlays decide tier/role. | AH65: =IF(AND(E65<>"",D65<>""),"COVERED","MISSING") -> COVERED
A66: ATTRv | B66: V36 | C66: ATOM_V36 | D66: DO_NOT_USE | E66: RETAIN_FOR_AUDIT_ONLY | F66: Declining serum prealbumin (circulating transthyretin) | G66: Laboratory / nutritional | H66: LABORATORY / GENERAL MEDICINE | I66: SYSTEMIC_CONTEXT | J66: Unvalidated biomarker / do not use as trigger | K66: Very weak ATTRv support | M66: No | Q66: NONE_DO_NOT_USE | R66: Variable | S66: Only interpret with much stronger hereditary/neurologic evidence | T66: Do not use NotebookLM's normal-range/decline concept as a diagnostic threshold. | U66: Yes if obtained for routine care | V66: High | W66: Chemistry lab | X66: prealbumin; transthyretin; TTR level | Y66: Do not use as a positive screening trigger; retain as a research-only low-priority feature. | Z66: Malnutrition, inflammation and liver disease strongly affect prealbumin; low values are not ATTRv-specific. | AA66: Moderate | AB66: 2 | AC66: 2 | AD66: Guardrail / differential | AE66: https://pmc.ncbi.nlm.nih.gov/articles/PMC11929585/ | AF66: https://pubmed.ncbi.nlm.nih.gov/38174864/ | AG66: Retain only for audit/research; do not use as a positive screening trigger. | AH66: =IF(AND(E66<>"",D66<>""),"COVERED","MISSING") -> COVERED
A67: ATTRv | B67: V38 | C67: RULE_V38 | D67: GUARDRAIL_ROUTE | E67: ROUTE_OR_MODIFY_INTERPRETATION | F67: Active autoimmune disease / positive autoantibodies with a convincing inflammatory/demyelinating neuropathy pattern | G67: Neurologic / autoimmune | H67: NEUROLOGY | I67: NEURO | J67: Negative / alternative-cause guardrail | K67: Alternative neuropathy more likely | M67: No | Q67: ALTERNATIVE_NEUROPATHY | R67: During neuropathy work-up | S67: If inflammatory evidence is weak or immunotherapy fails, re-open ATTRv differential | T67: No autoantibody panel or titer excludes ATTRv. | U67: Yes | V67: High | W67: Problem list; serology; neurology notes | X67: autoimmune disease; positive ANA; demyelinating neuropathy | Y67: Guardrail / uncertainty modifier. | Z67: ATTRv can be misdiagnosed as CIDP and nonspecific autoantibodies may coexist; never use autoimmunity as an exclusion. | AA67: Moderate | AB67: 3 | AC67: 1 | AD67: Guardrail / differential | AE67: https://pubmed.ncbi.nlm.nih.gov/42584723/ | AF67: https://pubmed.ncbi.nlm.nih.gov/28188196/ | AG67: Guardrail/route: never treat as weak positive Tier 4. | AH67: =IF(AND(E67<>"",D67<>""),"COVERED","MISSING") -> COVERED
A68: ATTRv | B68: V32 | C68: RULE_V32 | D68: GUARDRAIL_ROUTE | E68: ROUTE_OR_MODIFY_INTERPRETATION | F68: Low-flow, low-gradient aortic stenosis | G68: Cardiac imaging | H68: CARDIOLOGY | I68: CARDIO | J68: Subtype guardrail | K68: Points toward ATTRwt | M68: No | Q68: ATTRwt | R68: Usually at cardiac presentation | S68: AS + neuropathy/family history can keep ATTRv in differential, but isolated AS favors ATTRwt | T68: Use standard AS definitions; no ATTRv-specific threshold. | U68: Yes | V68: High | W68: Echo report; cardiology | X68: low-flow low-gradient AS; paradoxical LFLG AS | Y68: Guardrail: raises cardiac amyloid suspicion but down-weights ATTRv subtype assignment. | Z68: Severe AS itself causes LVH/low flow; ATTRwt is the stronger TTR subtype association. | AA68: High | AB68: 4 | AC68: 1 | AD68: Guardrail / differential | AE68: https://pmc.ncbi.nlm.nih.gov/articles/PMC11255711/ | AF68: https://pubmed.ncbi.nlm.nih.gov/36697326/ | AG68: Guardrail/route: never treat as weak positive Tier 4. | AH68: =IF(AND(E68<>"",D68<>""),"COVERED","MISSING") -> COVERED
A69: ATTRv | B69: V41 | C69: RULE_ATTRWT_ORTHO_BEFORE_CARDIO | D69: GUARDRAIL_ROUTE | E69: ROUTE_OR_MODIFY_INTERPRETATION | F69: Older patient with isolated cardiac ATTR-like phenotype and long orthopedic prodrome but little/no neuropathy or dysautonomia | G69: Cardiac / musculoskeletal | H69: CARDIOLOGY | I69: MULTISYSTEM_COMPOSITE | J69: Subtype guardrail | K69: Points toward ATTRwt | M69: No | Q69: ATTRwt | R69: Before subtype confirmation | S69: Orthopedic years earlier + isolated HF/LVH/AF/conduction disease ? favor ATTRwt but keep ATTRv until genotyped | T69: Do not use age alone as a wild-type classifier. | U69: Yes | V69: High | W69: Derived from procedures + cardiology + neurology absence/notes | X69: orthopedic prodrome; isolated cardiac disease; no neuropathy | Y69: Guardrail / comparative down-weight only. | Z69: Pathogenic TTR variants remain present in a meaningful fraction of elderly ATTR-CM patients, so genetic testing is still necessary. | AA69: High | AB69: 4 | AC69: 1 | AD69: Guardrail / differential | AE69: https://pubmed.ncbi.nlm.nih.gov/36644836/ | AF69: https://pubmed.ncbi.nlm.nih.gov/31975495/ | AG69: Guardrail/route: never treat as weak positive Tier 4. | AH69: =IF(AND(E69<>"",D69<>""),"COVERED","MISSING") -> COVERED
A70: ATTRv | B70: V33 | C70: RULE_V33 | D70: GUARDRAIL_ROUTE | E70: ROUTE_OR_MODIFY_INTERPRETATION | F70: Biceps tendon rupture, rotator cuff tear, trigger finger/tenosynovitis as an isolated orthopedic prodrome | G70: Musculoskeletal | H70: ORTHOPEDICS | I70: ORTHO | J70: Subtype guardrail | K70: Points toward ATTRwt | M70: No | Q70: ATTRwt | R70: Often years before cardiac disease | S70: If accompanied by progressive PN/family/ocular/autonomic signs, keep ATTRv in differential | T70: No surgery-count threshold is validated. | U70: Yes | V70: High | W70: Orthopedic diagnoses; procedures | X70: biceps rupture; rotator cuff tear; trigger finger; tenosynovitis | Y70: Use mainly as ATTR-general context / ATTRwt guardrail, not a strong ATTRv positive row. | Z70: Age-related degenerative disease is common; isolated orthopedic pattern without neuropathy/autonomic clues points more toward ATTRwt. | AA70: Moderate-High | AB70: 3 | AC70: 1 | AD70: Guardrail / differential | AE70: https://pmc.ncbi.nlm.nih.gov/articles/PMC10585157/ | AF70: https://pubmed.ncbi.nlm.nih.gov/36644836/ | AG70: Guardrail/route: never treat as weak positive Tier 4. | AH70: =IF(AND(E70<>"",D70<>""),"COVERED","MISSING") -> COVERED
A71: ATTRv | B71: V39 | C71: RULE_AL_ORIENTED_MULTISYSTEM | D71: GUARDRAIL_ROUTE | E71: ROUTE_OR_MODIFY_INTERPRETATION | F71: Nephrotic-range proteinuria, macroglossia/periorbital purpura, or strong plasma-cell-disorder context | G71: Renal / mucocutaneous / hematology | H71: HEMATOLOGY | I71: MULTISYSTEM_COMPOSITE | J71: Subtype guardrail | K71: Raises AL concern | M71: No | Q71: AL | R71: At systemic presentation | S71: Monoclonal context + nephrotic/mucocutaneous pattern ? urgent AL pathway | T71: Amyloid-specific FLC/IFE testing is second-stage and is not counted as a pre-test phenotype sign here. | U71: Yes | V71: High | W71: Hematology history; urine/albumin; exam notes | X71: MGUS; myeloma; nephrotic syndrome; macroglossia; purpura | Y71: Guardrail: down-weight ATTRv and preserve urgent AL differential. | Z71: MGUS can coexist with ATTR; no single monoclonal abnormality proves AL. | AA71: High | AB71: 5 | AC71: 1 | AD71: Guardrail / differential | AE71: https://pubmed.ncbi.nlm.nih.gov/42099096/ | AF71: https://pubmed.ncbi.nlm.nih.gov/20301373/ | AG71: Guardrail/route: never treat as weak positive Tier 4. | AH71: =IF(AND(E71<>"",D71<>""),"COVERED","MISSING") -> COVERED
A72: ATTRv | B72: V40 | C72: RULE_AA_DRIVER_PLUS_RENAL | D72: GUARDRAIL_ROUTE | E72: ROUTE_OR_MODIFY_INTERPRETATION | F72: Chronic inflammatory/autoinflammatory/infectious disease plus new proteinuria/nephrotic renal phenotype | G72: Inflammatory / renal | H72: NEPHROLOGY | I72: MULTISYSTEM_COMPOSITE | J72: Subtype guardrail | K72: Points toward AA | M72: No | Q72: AA | R72: After sustained inflammatory disease | S72: Inflammatory driver + persistent inflammation + renal protein loss ? AA-oriented evaluation | T72: No single inflammatory duration threshold is required. | U72: Yes | V72: High | W72: Problem list; labs | X72: FMF; RA; IBD; TB; proteinuria; CRP | Y72: Guardrail: down-weight ATTRv and consider AA. | Z72: Inflammatory disease can coexist with unrelated ATTRv; context is probabilistic. | AA72: High | AB72: 5 | AC72: 1 | AD72: Guardrail / differential | AE72: https://pubmed.ncbi.nlm.nih.gov/36759076/ | AF72: https://pubmed.ncbi.nlm.nih.gov/20301373/ | AG72: Guardrail/route: never treat as weak positive Tier 4. | AH72: =IF(AND(E72<>"",D72<>""),"COVERED","MISSING") -> COVERED
A73: AA | B73: AA16 | C73: RENAL_PERSISTENT_PROTEINURIA | D73: ATOM | E73: DETECT_ONCE | F73: New or progressive persistent proteinuria | G73: Renal | H73: NEPHROLOGY | I73: RENAL | J73: Core organ trigger | K73: Strongly supports AA in inflammatory context | L73: Tier 1 | M73: Yes | N73: Tier 1 | O73: ORGAN_OR_PHENOTYPE_EVIDENCE | R73: Often the clinical transition that prompts evaluation | S73: Credible inflammatory driver + persistent inflammatory burden + new/progressive proteinuria | T73: No universal AA screening cutoff. >0.5 g/24 h was used as a kidney-biopsy referral threshold in one FMF study, not validated across all AA-risk populations. | U73: Yes | V73: High | W73: Urinalysis; nephrology; chemistry | X73: proteinuria; UPCR; UACR; 24-hour urine protein | Y73: Core trigger; use trend and persistence rather than one measurement. | Z73: AL and other renal amyloid types also cause proteinuria; diabetic, hypertensive, and primary glomerular disease are common alternatives. | AA73: High | AB73: 5 | AC73: 5 | AD73: Tier 1 - highest | AE73: https://pubmed.ncbi.nlm.nih.gov/36759076/ | AF73: https://pubmed.ncbi.nlm.nih.gov/24128782/ | AG73: Detect once using canonical ID; phenotype overlays decide tier/role. | AH73: =IF(AND(E73<>"",D73<>""),"COVERED","MISSING") -> COVERED
A74: AA | B74: AA21 | C74: RULE_AA21 | D74: COMPOSITE_RULE | E74: EVALUATE_CROSS_BUCKET_RULE | F74: Renal phenotype disproportionate to or not fully explained by known diabetes, hypertension, medications, or other kidney disease | G74: Renal | H74: NEPHROLOGY | I74: RENAL | J74: Composite discriminator / cluster | K74: Strongly supports AA when inflammation is present | M74: No | R74: Before amyloid-specific testing | S74: AA-driving condition + persistent inflammation + proteinuria ± hypoalbuminemia ± eGFR decline that is new, rapidly progressive, or disproportionate | T74: Do NOT require 'no diabetes' or 'no hypertension'. Competing causes lower specificity but should not hard-exclude AA. | U74: Yes | V74: High | W74: Derived from diagnoses + labs + trend | X74: diabetes; hypertension; CKD etiology; proteinuria trend | Y74: Core composite phenotype. Model competing causes as down-weights/uncertainty, not binary exclusions. | Z74: Competing renal causes can coexist with AA; apparent 'explanation' by diabetes/HTN may delay recognition. | AA74: Moderate-High | AB74: 5 | AC74: 5 | AD74: Tier 1 - highest | AE74: https://pubmed.ncbi.nlm.nih.gov/36759076/ | AF74: https://pubmed.ncbi.nlm.nih.gov/24128782/ | AG74: Composite/temporal rule: do not count as an extra independent bucket. | AH74: =IF(AND(E74<>"",D74<>""),"COVERED","MISSING") -> COVERED
A75: AA | B75: AA02 | C75: ATOM_AA02 | D75: ATOM | E75: DETECT_ONCE | F75: Familial Mediterranean fever (FMF) / periodic fever syndrome | G75: Autoinflammatory | H75: RHEUMATOLOGY / AUTOINFLAMMATORY | I75: INFLAMMATORY_DRIVER | J75: Background risk | K75: Strongly supports AA | L75: Tier 1 | M75: Yes | N75: Tier 2 | O75: ETIOLOGIC_CONTEXT | R75: Often long before renal disease | S75: FMF + uncontrolled/subclinical inflammation + new persistent albuminuria/proteinuria | T75: No single FMF duration threshold. Surveillance should focus on inflammatory control and renal change. | U75: Yes | V75: High | W75: Problem list; rheumatology; genetics | X75: FMF; recurrent fever; serositis; erysipelas-like erythema; periodic fever | Y75: Strong background-risk feature; never convert directly to an AA diagnosis. | Z75: FMF does not make proteinuria synonymous with AA; non-amyloid kidney disease is common enough to require a renal differential. | AA75: High | AB75: 4 | AC75: 5 | AD75: Tier 1 - highest | AE75: https://pubmed.ncbi.nlm.nih.gov/24369413/ | AF75: https://pubmed.ncbi.nlm.nih.gov/40234174/ | AG75: Detect once using canonical ID; phenotype overlays decide tier/role. | AH75: =IF(AND(E75<>"",D75<>""),"COVERED","MISSING") -> COVERED
A76: AA | B76: AA06 | C76: ATOM_AA06 | D76: ATOM | E76: DETECT_ONCE | F76: Other chronic autoinflammatory syndromes (e.g., TRAPS, CAPS, MKD/HIDS) | G76: Autoinflammatory | H76: RHEUMATOLOGY / AUTOINFLAMMATORY | I76: INFLAMMATORY_DRIVER | J76: Background risk | K76: Strongly supports AA | L76: Tier 1 | M76: Yes | N76: Tier 2 | O76: ETIOLOGIC_CONTEXT | R76: Usually years before organ manifestations | S76: Autoinflammatory diagnosis + persistent inflammatory activity + new albuminuria/proteinuria | T76: No universal duration threshold across syndromes. | U76: Yes | V76: High | W76: Problem list; rheumatology/genetics | X76: TRAPS; CAPS; MKD; HIDS; autoinflammatory syndrome | Y76: Strong background feature; combine with renal transition. | Z76: Rare diseases; coding may be incomplete; renal disease still needs independent evaluation. | AA76: High | AB76: 4 | AC76: 5 | AD76: Tier 1 - highest | AE76: https://pubmed.ncbi.nlm.nih.gov/31766892/ | AF76: https://pmc.ncbi.nlm.nih.gov/articles/PMC11219434/ | AG76: Detect once using canonical ID; phenotype overlays decide tier/role. | AH76: =IF(AND(E76<>"",D76<>""),"COVERED","MISSING") -> COVERED
A77: AA | B77: AA08 | C77: ATOM_AA08 | D77: ATOM | E77: DETECT_ONCE | F77: Chronic/active infection (e.g., tuberculosis, bronchiectasis, osteomyelitis, chronic suppurative disease) | G77: Infectious | H77: INFECTIOUS DISEASE | I77: INFLAMMATORY_DRIVER | J77: Background risk | K77: Strongly supports AA | L77: Tier 1 | M77: Yes | N77: Tier 2 | O77: ETIOLOGIC_CONTEXT | R77: Can precede renal disease by months to years | S77: Persistent infection + inflammatory burden + new proteinuria/edema/renal dysfunction | T77: Do not impose a minimum multi-year duration. The TB cohort is disease-specific and selected; its 2.25-year mean is not a general AA latency rule. | U77: Yes | V77: High | W77: Problem list; infectious disease; imaging/history | X77: tuberculosis; bronchiectasis; osteomyelitis; chronic infection; suppuration | Y77: Strong risk context when chronicity/recurrence or ongoing inflammatory activity is documented. | Z77: Acute/short-lived infection is not equivalent to a chronic amyloidogenic inflammatory state; CKD/proteinuria may have other infectious or drug-related causes. | AA77: High | AB77: 4 | AC77: 5 | AD77: Tier 1 - highest | AE77: https://pubmed.ncbi.nlm.nih.gov/20440393/ | AF77: https://pubmed.ncbi.nlm.nih.gov/31766892/ | AG77: Detect once using canonical ID; phenotype overlays decide tier/role. | AH77: =IF(AND(E77<>"",D77<>""),"COVERED","MISSING") -> COVERED
A78: AA | B78: AA17 | C78: RENAL_NEPHROTIC_PROTEINURIA | D78: ATOM | E78: DETECT_ONCE | F78: Nephrotic-range proteinuria / nephrotic syndrome | G78: Renal | H78: NEPHROLOGY | I78: RENAL | J78: Strong organ trigger | K78: Supports AA | L78: Tier 1 | M78: Yes | N78: Tier 1 | O78: ORGAN_OR_PHENOTYPE_EVIDENCE | R78: Often at or near diagnosis; may represent later disease | S78: Nephrotic proteinuria + hypoalbuminemia/edema + chronic inflammatory driver | T78: Use standard nephrotic definitions (commonly ?3–3.5 g/day depending source); this threshold is not AA-specific. | U78: Yes | V78: High | W78: Urine labs; diagnosis | X78: nephrotic syndrome; UPCR; 24h urine protein | Y78: Very strong organ trigger, but subtype must remain context-dependent. | Z78: AL is also a major cause of nephrotic amyloid kidney disease; primary glomerular disease remains common. | AA78: High | AB78: 5 | AC78: 4 | AD78: Tier 1 - highest | AE78: https://pubmed.ncbi.nlm.nih.gov/24128782/ | AF78: https://pubmed.ncbi.nlm.nih.gov/36502873/ | AG78: Detect once using canonical ID; phenotype overlays decide tier/role. | AH78: =IF(AND(E78<>"",D78<>""),"COVERED","MISSING") -> COVERED
A79: AA | B79: AA13 | C79: ATOM_AA13 | D79: ATOM | E79: DETECT_ONCE | F79: Persistently elevated serum amyloid A (SAA), when measured for inflammatory disease monitoring | G79: Inflammatory laboratory | H79: LABORATORY / GENERAL MEDICINE | I79: INFLAMMATORY_ACTIVITY | J79: Inflammatory burden | K79: Supports AA strongly in context | L79: Tier 1 | M79: No — modifier/context only | N79: Tier 2 | O79: MODIFIER | R79: Before or after diagnosis depending why it was ordered | S79: High-risk disease + persistently elevated SAA + new renal protein loss | T79: IMPORTANT: <10 mg/L is principally a treatment/control target in established disease/FM F guidance, not a validated universal pre-test diagnostic cutoff. Do not trigger AA solely at SAA >10. | U79: Only if ordered independently of amyloid work-up | V79: Moderate | W79: Laboratory | X79: serum amyloid A; SAA | Y79: High-value burden feature if already available; model as continuous/longitudinal rather than a binary >10 threshold. | Z79: SAA elevation does not demonstrate tissue amyloid and can be acutely elevated without AA. | AA79: High | AB79: 4 | AC79: 4 | AD79: Tier 2 - high | AE79: https://pubmed.ncbi.nlm.nih.gov/17554117/ | AF79: https://doi.org/10.1136/annrheumdis-2015-208690 | AG79: Detect once using canonical ID; phenotype overlays decide tier/role. | AH79: =IF(AND(E79<>"",D79<>""),"COVERED","MISSING") -> COVERED
A80: AA | B80: AA15 | C80: ATOM_AA15 | D80: ATOM | E80: DETECT_ONCE | F80: New microalbuminuria / low-grade albuminuria | G80: Renal | H80: NEPHROLOGY | I80: RENAL | J80: Early organ warning | K80: Supports AA in high-risk context | L80: Tier 2 | M80: Yes | N80: Tier 2 | O80: ORGAN_OR_PHENOTYPE_EVIDENCE | R80: Potentially early, before nephrotic syndrome | S80: New/persistent albuminuria + active inflammatory driver + upward trend over time | T80: UACR 30–300 mg/g is the standard microalbuminuria range, not an AA-specific threshold. | U80: Yes | V80: High | W80: Urine laboratory | X80: UACR; urine albumin; microalbumin | Y80: Early warning feature; require persistence and inflammatory context. | Z80: Diabetes, hypertension, obesity, exercise, infection, and many kidney diseases cause low-grade albuminuria. | AA80: Moderate-High | AB80: 4 | AC80: 4 | AD80: Tier 2 - high | AE80: https://pubmed.ncbi.nlm.nih.gov/34684086/ | AF80: https://pubmed.ncbi.nlm.nih.gov/36502873/ | AG80: Detect once using canonical ID; phenotype overlays decide tier/role. | AH80: =IF(AND(E80<>"",D80<>""),"COVERED","MISSING") -> COVERED
A81: AA | B81: AA07 | C81: ATOM_AA07 | D81: ATOM | E81: DETECT_ONCE | F81: Inflammatory bowel disease, especially aggressive/fistulizing Crohn disease | G81: Gastrointestinal / inflammatory | H81: GASTROENTEROLOGY | I81: INFLAMMATORY_DRIVER | J81: Background risk | K81: Supports AA | L81: Tier 2 | M81: Yes | N81: Tier 2 | O81: ETIOLOGIC_CONTEXT | R81: Usually after years of active disease, but variable | S81: Fistulizing/abscess-forming Crohn + persistent inflammation + new proteinuria or renal dysfunction | T81: No validated 'fistula count' or disease-duration threshold. Treat anatomy/behavior as a risk modifier. | U81: Yes | V81: High | W81: Problem list; GI notes; procedures/surgery | X81: Crohn disease; fistula; perianal abscess; stricturing; bowel resection | Y81: Use Crohn phenotype severity as a background modifier; renal transition remains the key trigger. | Z81: IBD itself can cause diarrhea, hypoalbuminemia, anemia, and renal abnormalities; those findings are not automatically amyloid manifestations. | AA81: High | AB81: 4 | AC81: 4 | AD81: Tier 2 - high | AE81: https://pubmed.ncbi.nlm.nih.gov/27056947/ | AF81: https://pubmed.ncbi.nlm.nih.gov/23371008/ | AG81: Detect once using canonical ID; phenotype overlays decide tier/role. | AH81: =IF(AND(E81<>"",D81<>""),"COVERED","MISSING") -> COVERED
A82: AA | B82: AA05 | C82: ATOM_AA05 | D82: ATOM | E82: DETECT_ONCE | F82: Delayed diagnosis, inadequate control, or poor colchicine adherence in FMF | G82: Autoinflammatory / longitudinal | H82: RHEUMATOLOGY / AUTOINFLAMMATORY | I82: INFLAMMATORY_ACTIVITY | J82: Inflammatory burden / preventable risk | K82: Supports AA within FMF | L82: Tier 2 | M82: No — modifier/context only | N82: Tier 2 | O82: MODIFIER | R82: Years before renal manifestations | S82: FMF + recurrent attacks/persistent SAA or CRP + delayed/inadequate colchicine treatment + new renal signal | T82: No universal adherence percentage or attack-frequency threshold should be hard-coded from retrospective studies. | U82: Yes | V82: Moderate | W82: Medication history; rheumatology notes; pharmacy if available | X82: colchicine; missed doses; nonadherence; resistant; recurrent attacks | Y82: Longitudinal risk modifier; use only with evidence of continued inflammatory activity. | Z82: Medication lists do not prove adherence; 'colchicine resistant' disease can actually reflect non-adherence. | AA82: High | AB82: 4 | AC82: 4 | AD82: Tier 2 - high | AE82: https://pubmed.ncbi.nlm.nih.gov/24369413/ | AF82: https://pmc.ncbi.nlm.nih.gov/articles/PMC11219434/ | AG82: Detect once using canonical ID; phenotype overlays decide tier/role. | AH82: =IF(AND(E82<>"",D82<>""),"COVERED","MISSING") -> COVERED
A83: AA | B83: AA20 | C83: RENAL_EGFR_DECLINE | D83: ATOM | E83: DETECT_ONCE | F83: Rising creatinine / falling eGFR / kidney failure | G83: Renal | H83: NEPHROLOGY | I83: RENAL | J83: Organ red flag | K83: Supports AA in context | L83: Tier 2 | M83: Yes | N83: Tier 2 | O83: ORGAN_OR_PHENOTYPE_EVIDENCE | R83: Often later than proteinuria, but may be present at detection | S83: Progressive proteinuria + falling eGFR + sustained inflammatory burden | T83: No AA-specific eGFR threshold; trend and unexplained/disproportionate decline matter. | U83: Yes | V83: High | W83: Chemistry; problem list | X83: creatinine; eGFR; CKD; renal failure | Y83: Strong contextual feature; not subtype-specific alone. | Z83: Diabetes, hypertension, nephrotoxins, obstruction, sepsis, and other nephropathies commonly cause eGFR decline. | AA83: High | AB83: 4 | AC83: 4 | AD83: Tier 2 - high | AE83: https://pubmed.ncbi.nlm.nih.gov/30101921/ | AF83: https://pubmed.ncbi.nlm.nih.gov/17554117/ | AG83: Detect once using canonical ID; phenotype overlays decide tier/role. | AH83: =IF(AND(E83<>"",D83<>""),"COVERED","MISSING") -> COVERED
A84: AA | B84: AA09 | C84: ATOM_AA09 | D84: ATOM | E84: DETECT_ONCE | F84: Recurrent skin/soft-tissue infection, chronic wounds, or repeated abscesses | G84: Infectious / dermatologic | H84: INFECTIOUS DISEASE | I84: INFLAMMATORY_DRIVER | J84: Background risk | K84: Supports AA | L84: Tier 2 | M84: Yes | N84: Tier 2 | O84: ETIOLOGIC_CONTEXT | R84: Usually recurrent over time | S84: Repeated abscess/cellulitis/chronic ulcer + persistent inflammation + new proteinuria | T84: No validated number of infections/ED visits. Use recurrence/chronicity qualitatively or derive candidate thresholds for validation. | U84: Yes | V84: High | W84: ED; wound care; dermatology; problem list | X84: abscess; cellulitis; chronic ulcer; wound infection | Y84: Use the infection burden, not the social label, as the feature. | Z84: Injection-drug-use status itself is not AA evidence; many SSTIs are isolated and self-limited. | AA84: Moderate-High | AB84: 4 | AC84: 4 | AD84: Tier 2 - high | AE84: https://pubmed.ncbi.nlm.nih.gov/29697879/ | AF84: https://pubmed.ncbi.nlm.nih.gov/31766892/ | AG84: Detect once using canonical ID; phenotype overlays decide tier/role. | AH84: =IF(AND(E84<>"",D84<>""),"COVERED","MISSING") -> COVERED
A85: AA | B85: AA14 | C85: ATOM_AA14 | D85: ATOM | E85: DETECT_ONCE | F85: Recurrent inflammatory flares or persistently uncontrolled precursor disease | G85: Inflammatory / longitudinal | H85: GENERAL MEDICINE | I85: INFLAMMATORY_ACTIVITY | J85: Inflammatory burden | K85: Supports AA | L85: Tier 2 | M85: No — modifier/context only | N85: Tier 2 | O85: MODIFIER | R85: Years before organ damage | S85: Repeated flares + persistent CRP/SAA + new renal signal | T85: No validated universal number of flares, steroid bursts, or biologic changes. | U85: Yes | V85: Moderate | W85: Notes; medications; labs | X85: flare; uncontrolled; steroid burst; biologic escalation; resistant disease | Y85: Longitudinal modifier; derive candidate burden features for validation rather than a hard rule. | Z85: Flare coding can be inconsistent and treatment escalation may reflect physician preference rather than severity. | AA85: Moderate-High | AB85: 4 | AC85: 4 | AD85: Tier 2 - high | AE85: https://pubmed.ncbi.nlm.nih.gov/17554117/ | AF85: https://pmc.ncbi.nlm.nih.gov/articles/PMC11219434/ | AG85: Detect once using canonical ID; phenotype overlays decide tier/role. | AH85: =IF(AND(E85<>"",D85<>""),"COVERED","MISSING") -> COVERED
A86: AA | B86: AA01 | C86: ATOM_AA01 | D86: ATOM | E86: DETECT_ONCE | F86: Known chronic inflammatory joint disease (RA, spondyloarthritis, other persistent inflammatory arthritis) | G86: Inflammatory / rheumatologic | H86: RHEUMATOLOGY / AUTOINFLAMMATORY | I86: INFLAMMATORY_DRIVER | J86: Background risk | K86: Supports AA | L86: Tier 2 | M86: Yes | N86: Tier 3 | O86: ETIOLOGIC_CONTEXT | R86: Usually years before organ manifestations | S86: Inflammatory joint disease + persistent inflammatory activity + new albuminuria/proteinuria | T86: No universal disease-duration, deformity, or Steinbrocker threshold is validated for current pre-test screening. | U86: Yes | V86: High | W86: Problem list; rheumatology notes; medication history | X86: rheumatoid arthritis; ankylosing spondylitis; inflammatory arthritis; biologic escalation | Y86: Context feature only; raise weight when ongoing inflammatory burden and a new renal phenotype coexist. | Z86: RA/SpA are common and most patients never develop AA. Renal disease may be diabetic, hypertensive, drug-related, glomerular, or AL. | AA86: High | AB86: 3 | AC86: 4 | AD86: Tier 2 - high | AE86: https://pubmed.ncbi.nlm.nih.gov/36759076/ | AF86: https://pubmed.ncbi.nlm.nih.gov/40516176/ | AG86: Detect once using canonical ID; phenotype overlays decide tier/role. | AH86: =IF(AND(E86<>"",D86<>""),"COVERED","MISSING") -> COVERED
... A96: AA | B96: AA24 | C96: ATOM_AA24 | D96: ATOM | E96: DETECT_ONCE | F96: Hypothyroidism / thyroid enlargement or goiter | G96: Endocrine | H96: ENDOCRINE / METABOLIC | I96: SYSTEMIC_CONTEXT | J96: Additional organ clue | K96: Weakly supports AA | L96: Tier 4 | M96: No | N96: Tier 4 | O96: MODIFIER | R96: Usually near established systemic disease | S96: Only with strong inflammatory + renal AA phenotype | T96: No AA-specific TSH or thyroid-size threshold. | U96: Context only | V96: High | W96: Problem list; TSH; exam | X96: hypothyroidism; goiter; thyroid enlargement | Y96: Very low-weight support only. | Z96: Hypothyroidism is common and usually unrelated to amyloid. | AA96: Moderate | AB96: 2 | AC96: 2 | AD96: Tier 5 - weak | AE96: https://pubmed.ncbi.nlm.nih.gov/30101921/ | AF96: https://pubmed.ncbi.nlm.nih.gov/36759076/ | AG96: Detect once using canonical ID; phenotype overlays decide tier/role. | AH96: =IF(AND(E96<>"",D96<>""),"COVERED","MISSING") -> COVERED
A97: AA | B97: AA26 | C97: RULE_AA26 | D97: GUARDRAIL_ROUTE | E97: ROUTE_OR_MODIFY_INTERPRETATION | F97: FMF + proteinuria with possible non-amyloid kidney disease (NAKD) | G97: Renal / autoinflammatory | H97: NEPHROLOGY | I97: RENAL | J97: Specificity guardrail | K97: AA remains possible, but proteinuria does not prove it | M97: No | Q97: ALTERNATIVE_RENAL_PROCESS | R97: At renal evaluation | S97: FMF + proteinuria -> AA suspicion, but maintain 'renal cause unresolved' if atypical features or competing renal diagnoses exist | T97: The >0.5 g/day value is the inclusion/biopsy threshold of this study, not a universal AA detection cutoff. | U97: Yes | V97: High | W97: Nephrology; urine labs; serology | X97: proteinuria; glomerulonephritis; IgA nephropathy; FSGS; membranous nephropathy | Y97: Hard guardrail against auto-diagnosis; preserve uncertainty until definitive typing. | Z97: Non-amyloid glomerulopathies can coexist with FMF; phenotype cannot replace tissue typing when clinically required. | AA97: High | AB97: 4 | AC97: 2 | AD97: Guardrail / differential | AE97: https://pubmed.ncbi.nlm.nih.gov/24128782/ | AF97: https://pubmed.ncbi.nlm.nih.gov/34684086/ | AG97: Guardrail/route: never treat as weak positive Tier 4. | AH97: =IF(AND(E97<>"",D97<>""),"COVERED","MISSING") -> COVERED
A98: AA | B98: AA25 | C98: RULE_AA25 | D98: GUARDRAIL_ROUTE | E98: ROUTE_OR_MODIFY_INTERPRETATION | F98: Heart failure / conduction disease / cardiac imaging abnormalities in a chronic inflammatory patient | G98: Cardiac | H98: CARDIOLOGY | I98: CARDIO | J98: Amyloidosis-general clue / AA weak clue | K98: Very weak AA support; consider AL/ATTR | M98: No | Q98: AL_OR_ATTR | R98: Usually at systemic disease stage | S98: Cardiac finding + dominant inflammatory/renal AA pattern; otherwise route primarily to AL/ATTR differential | T98: No AA-specific echo/ECG threshold should be used. | U98: Yes if obtained for routine care | V98: High | W98: Cardiology; ECG; echo | X98: HF; conduction block; LVH; diastolic dysfunction | Y98: Low AA subtype weight. Cardiac phenotype alone should not create an AA flag. | Z98: AL and ATTR are much more important cardiac amyloid subtypes; ordinary cardiac disease is common. | AA98: Moderate | AB98: 3 | AC98: 1 | AD98: Guardrail / differential | AE98: https://pubmed.ncbi.nlm.nih.gov/30101921/ | AF98: https://pmc.ncbi.nlm.nih.gov/articles/PMC11219434/ | AG98: Guardrail/route: never treat as weak positive Tier 4. | AH98: =IF(AND(E98<>"",D98<>""),"COVERED","MISSING") -> COVERED
A99: AA | B99: AA27 | C99: RULE_AA27 | D99: GUARDRAIL_ROUTE | E99: ROUTE_OR_MODIFY_INTERPRETATION | F99: Active urinary sediment / hematuria or leukocyturia in an AA-risk patient | G99: Renal | H99: NEPHROLOGY | I99: RENAL | J99: Guardrail / alternative renal-process clue | K99: Does not exclude AA; lowers specificity | M99: No | Q99: ALTERNATIVE_RENAL_PROCESS | R99: At renal evaluation | S99: AA-risk context + proteinuria + active sediment -> keep AA possible but prioritize nephrology differential/typing | T99: No validated sediment cutoff for AA; do not use hematuria as either a hard rule-in or rule-out. | U99: Yes | V99: High | W99: Urinalysis; nephrology | X99: hematuria; RBC/HPF; pyuria; leukocyturia; casts | Y99: Uncertainty/guardrail feature, not a positive AA sign. | Z99: Active sediment may favor glomerulonephritis, infection, stones, or other renal disease and therefore should reduce certainty. | AA99: Moderate | AB99: 3 | AC99: 2 | AD99: Guardrail / differential | AE99: https://pubmed.ncbi.nlm.nih.gov/24128782/ | AF99: https://pubmed.ncbi.nlm.nih.gov/34684086/ | AG99: Guardrail/route: never treat as weak positive Tier 4. | AH99: =IF(AND(E99<>"",D99<>""),"COVERED","MISSING") -> COVERED
A100: AA | B100: AA30 | C100: RULE_AA30 | D100: GUARDRAIL_ROUTE | E100: ROUTE_OR_MODIFY_INTERPRETATION | F100: No identified chronic inflammatory/infectious driver despite adequate longitudinal history | G100: Global context | H100: MULTISPECIALTY | I100: SYSTEMIC_CONTEXT | J100: Negative / uncertainty modifier | K100: Weakly argues against AA, but does not exclude it | M100: No | Q100: AA_UNCERTAIN_NO_DRIVER | R100: Before amyloid-specific testing | S100: No driver + strong renal amyloid phenotype -> keep AA on broad differential but prioritize search for occult inflammation and AL/other renal causes | T100: Absence of a known driver is a probabilistic down-weight, never a hard exclusion. | U100: Yes | V100: Moderate | W100: Longitudinal problem list + labs + notes | X100: no chronic inflammation; idiopathic; unexplained proteinuria | Y100: Negative modifier only. | Z100: Occult infection, autoinflammatory disease, malignancy, or inadequately coded inflammatory disease may be missed. | AA100: Moderate | AB100: 2 | AC100: 3 | AD100: Guardrail / differential | AE100: https://pmc.ncbi.nlm.nih.gov/articles/PMC11219434/ | AF100: https://pubmed.ncbi.nlm.nih.gov/31766892/ | AG100: Guardrail/route: never treat as weak positive Tier 4. | AH100: =IF(AND(E100<>"",D100<>""),"COVERED","MISSING") -> COVERED
A101: AA | B101: AA28 | C101: RULE_AA28 | D101: GUARDRAIL_ROUTE | E101: ROUTE_OR_MODIFY_INTERPRETATION | F101: Known monoclonal gammopathy / plasma-cell dyscrasia in a patient with proteinuria or multisystem amyloid-like features | G101: Hematology / renal | H101: HEMATOLOGY | I101: MULTISYSTEM_COMPOSITE | J101: Subtype guardrail | K101: Raises AL concern; AA remains possible | M101: No | Q101: AL | R101: At or before renal presentation | S101: Monoclonal context + nephrotic proteinuria/cardiac or multisystem disease -> ensure AL work-up while retaining AA if inflammatory evidence is strong | T101: No monoclonal finding should be used as an automatic AA exclusion without amyloid typing. | U101: Yes if already known | V101: High | W101: Problem list; hematology; labs | X101: MGUS; myeloma; M-protein; plasma cell dyscrasia | Y101: Subtype guardrail: route to AL evaluation / mark subtype unresolved rather than simply down-weighting AA to zero. | Z101: Monoclonal gammopathy is not synonymous with AL; it also occurs incidentally, especially with age. | AA101: High | AB101: 5 | AC101: 1 | AD101: Guardrail / differential | AE101: https://pubmed.ncbi.nlm.nih.gov/42099096/ | AF101: https://pubmed.ncbi.nlm.nih.gov/29424556/ | AG101: Guardrail/route: never treat as weak positive Tier 4. | AH101: =IF(AND(E101<>"",D101<>""),"COVERED","MISSING") -> COVERED
A102: AA | B102: AA29 | C102: RULE_AA29 | D102: GUARDRAIL_ROUTE | E102: ROUTE_OR_MODIFY_INTERPRETATION | F102: Classic ATTR orthopedic prodrome (bilateral/recurrent CTS, lumbar spinal stenosis, distal biceps rupture) followed by cardiac disease | G102: Musculoskeletal / cardiac | H102: CARDIOLOGY | I102: MULTISYSTEM_COMPOSITE | J102: Subtype guardrail | K102: Points toward ATTR rather than AA | M102: No | Q102: ATTR | R102: Often 5–15+ years before cardiac diagnosis | S102: Orthopedic prodrome + HF/LVH -> ATTR-oriented differential unless a dominant AA inflammatory + renal phenotype is present | T102: No single orthopedic event is sufficient; use trajectory/cluster. | U102: Yes | V102: High | W102: Procedures; orthopedics; cardiology | X102: carpal tunnel release; bilateral CTS; lumbar stenosis; biceps rupture | Y102: AA counter-evidence / ATTR-positive pattern. | Z102: CTS/stenosis are common degenerative disorders; they are comparative weights, not exclusions. | AA102: High | AB102: 4 | AC102: 1 | AD102: Guardrail / differential | AE102: https://pubmed.ncbi.nlm.nih.gov/36049804/ | AF102: https://pubmed.ncbi.nlm.nih.gov/38130034/ | AG102: Guardrail/route: never treat as weak positive Tier 4. | AH102: =IF(AND(E102<>"",D102<>""),"COVERED","MISSING") -> COVERED
A103: AL | B103: AL03 | C103: RENAL_PERSISTENT_PROTEINURIA | D103: ATOM | E103: DETECT_ONCE | F103: New or progressive persistent proteinuria | G103: Renal | H103: NEPHROLOGY | I103: RENAL | J103: Core organ trigger | K103: Strongly supports AL | L103: Tier 1 | M103: Yes | N103: Tier 1 | O103: ORGAN_OR_PHENOTYPE_EVIDENCE | R103: Can precede diagnosis; often becomes the renal trigger | S103: New/progressive proteinuria + MGUS/SMM/MM or another unexplained organ system | T103: ?0.5 g/24 h, predominantly albumin, is a consensus AL renal-involvement criterion—not a validated universal pre-test screening cutoff. | U103: Yes | V103: High | W103: Urinalysis; nephrology; chemistry | X103: proteinuria; UACR; UPCR; 24h urine protein | Y103: Core trigger; prioritize persistence and trend. | Z103: AA and non-amyloid kidney disease also cause proteinuria; diabetes/HTN may coexist. | AA103: High | AB103: 5 | AC103: 5 | AD103: Tier 1 - highest | AE103: https://pmc.ncbi.nlm.nih.gov/articles/PMC13425172/ | AF103: https://medinform.jmir.org/2026/1/e85803 | AG103: Detect once using canonical ID; phenotype overlays decide tier/role. | AH103: =IF(AND(E103<>"",D103<>""),"COVERED","MISSING") -> COVERED
A104: AL | B104: AL04 | C104: RENAL_NEPHROTIC_PROTEINURIA | D104: ATOM | E104: DETECT_ONCE | F104: Nephrotic-range proteinuria / nephrotic syndrome | G104: Renal | H104: NEPHROLOGY | I104: RENAL | J104: Strong organ trigger | K104: Strongly supports AL | L104: Tier 1 | M104: Yes | N104: Tier 1 | O104: ORGAN_OR_PHENOTYPE_EVIDENCE | R104: Usually near diagnosis; often later than low-grade proteinuria | S104: Nephrotic proteinuria + monoclonal/plasma-cell context | T104: Use standard nephrotic definitions (~3–3.5 g/day depending source); threshold is not AL-specific. | U104: Yes | V104: High | W104: Urine labs; nephrology | X104: nephrotic syndrome; UPCR; 24h urine protein | Y104: Tier-1 trigger; keep AA differential. | Z104: AA and primary glomerular disease remain major alternatives. | AA104: High | AB104: 5 | AC104: 5 | AD104: Tier 1 - highest | AE104: https://medinform.jmir.org/2026/1/e85803 | AF104: https://pubmed.ncbi.nlm.nih.gov/38541968/ | AG104: Detect once using canonical ID; phenotype overlays decide tier/role. | AH104: =IF(AND(E104<>"",D104<>""),"COVERED","MISSING") -> COVERED
A105: AL | B105: AL21 | C105: RULE_AL21 | D105: COMPOSITE_RULE | E105: EVALUATE_CROSS_BUCKET_RULE | F105: Multisystem accumulation across ?3 organ-system domains | G105: Multisystem | H105: MULTISPECIALTY | I105: MULTISYSTEM_COMPOSITE | J105: Core composite discriminator / cluster | K105: Strongly supports AL | M105: No | R105: Accumulates over a multi-year prodrome | S105: Protein-losing renal phenotype + cardiac and/or neurologic/GI/systemic signs | T105: ?3 systems is descriptive, not a hard screening gate. | U105: Yes | V105: High | W105: Derived longitudinal EHR | X105: renal + cardiac + neurologic/GI/hepatic domains | Y105: Core temporal cluster. | Z105: ATTRv is also multisystem; ATTRwt is more cardiac/orthopedic dominant. | AA105: High | AB105: 5 | AC105: 5 | AD105: Tier 1 - highest | AE105: https://pubmed.ncbi.nlm.nih.gov/34137077/ | AF105: https://medinform.jmir.org/2026/1/e85803 | AG105: Composite/temporal rule: do not count as an extra independent bucket. | AH105: =IF(AND(E105<>"",D105<>""),"COVERED","MISSING") -> COVERED
A106: AL | B106: AL26 | C106: RULE_AL26 | D106: COMPOSITE_RULE | E106: EVALUATE_CROSS_BUCKET_RULE | F106: Monoclonal/plasma-cell precursor state PLUS new unexplained organ dysfunction | G106: Multisystem / hematology | H106: MULTISPECIALTY | I106: MULTISYSTEM_COMPOSITE | J106: Core composite discriminator / cluster | K106: Strongly supports AL | M106: No | R106: Before amyloid-specific testing | S106: Clone + new proteinuria/nephrotic syndrome, cardiac injury, neuropathy or multisystem change | T106: No validated single composite threshold; literature-backed EHR synthesis feature. | U106: Yes | V106: High | W106: Derived across hematology + organ tables | X106: MGUS/SMM/MM + new organ dysfunction | Y106: Core composite phenotype. | Z106: Incidental MGUS is common in ATTR; subtype remains unresolved until appropriate work-up. | AA106: High | AB106: 5 | AC106: 5 | AD106: Tier 1 - highest | AE106: https://pmc.ncbi.nlm.nih.gov/articles/PMC13425172/ | AF106: https://medinform.jmir.org/2026/1/e85803 | AG106: Composite/temporal rule: do not count as an extra independent bucket. | AH106: =IF(AND(E106<>"",D106<>""),"COVERED","MISSING") -> COVERED
A107: AL | B107: AL07 | C107: ATOM_AL07 | D107: ATOM | E107: DETECT_ONCE | F107: Macroglossia / acquired tongue enlargement | G107: Mucocutaneous / oral | H107: MUCOSAL / DERMATOLOGY / ORAL | I107: MUCOSAL_CUTANEOUS | J107: Subtype-specific clue | K107: Strongly supports AL | L107: Tier 1 | M107: Yes | N107: Tier 2 | O107: ORGAN_OR_PHENOTYPE_EVIDENCE | R107: Usually established disease; low sensitivity | S107: Macroglossia + purpura, proteinuria, clone or cardiac disease | T107: Clinical finding; no numeric threshold. Tongue biopsy is not a screening requirement. | U107: Yes | V107: Moderate-High | W107: General exam; ENT/dental; hematology | X107: macroglossia; enlarged tongue | Y107: High discriminator, low sensitivity. | Z107: Rare; not exclusive to AL; other causes exist. | AA107: High | AB107: 4 | AC107: 5 | AD107: Tier 1 - highest | AE107: https://pubmed.ncbi.nlm.nih.gov/32340017/ | AF107: https://pubmed.ncbi.nlm.nih.gov/30770096/ | AG107: Detect once using canonical ID; phenotype overlays decide tier/role. | AH107: =IF(AND(E107<>"",D107<>""),"COVERED","MISSING") -> COVERED
A108: AL | B108: AL08 | C108: ATOM_AL08 | D108: ATOM | E108: DETECT_ONCE | F108: Periorbital / pinch purpura or spontaneous unexplained ecchymosis | G108: Mucocutaneous | H108: MUCOSAL / DERMATOLOGY / ORAL | I108: MUCOSAL_CUTANEOUS | J108: Subtype-specific clue | K108: Strongly supports AL | L108: Tier 1 | M108: Yes | N108: Tier 2 | O108: ORGAN_OR_PHENOTYPE_EVIDENCE | R108: Usually around systemic disease | S108: Purpura + macroglossia, nephrotic phenotype or plasma-cell context | T108: No validated numeric threshold. | U108: Yes | V108: Moderate-High | W108: Physical exam; dermatology/hematology | X108: periorbital purpura; pinch purpura; ecchymosis | Y108: High discriminator, low sensitivity. | Z108: Anticoagulation, thrombocytopenia, senile/steroid purpura and trauma mimic. | AA108: High | AB108: 4 | AC108: 5 | AD108: Tier 1 - highest | AE108: https://pubmed.ncbi.nlm.nih.gov/32340017/ | AF108: https://pubmed.ncbi.nlm.nih.gov/41603599/ | AG108: Detect once using canonical ID; phenotype overlays decide tier/role. | AH108: =IF(AND(E108<>"",D108<>""),"COVERED","MISSING") -> COVERED
A109: AL | B109: AL01 | C109: ATOM_AL01 | D109: ATOM | E109: DETECT_ONCE | F109: Known plasma-cell dyscrasia / smoldering myeloma / multiple myeloma | G109: Hematology | H109: HEMATOLOGY | I109: HEME_CLONAL | J109: Background risk | K109: Strongly supports AL | L109: Tier 1 | M109: Yes | N109: Tier 2 | O109: ETIOLOGIC_CONTEXT | R109: Can precede organ manifestations by years | S109: Plasma-cell disorder + new renal/cardiac/neurologic/GI/hepatic abnormality | T109: Tufts ?-MGUS/SMM dFLC >23 mg/L + IGVL/cytogenetic enrichment is study-specific, not a universal criterion. | U109: Yes | V109: High | W109: Problem list; hematology/oncology | X109: multiple myeloma; SMM; plasma cell dyscrasia | Y109: Strong background-risk feature; combine with organ signal. | Z109: Most plasma-cell disorders do not cause AL; ATTR may coexist with monoclonal gammopathy. | AA109: High | AB109: 4 | AC109: 5 | AD109: Tier 1 - highest | AE109: https://medinform.jmir.org/2026/1/e85803 | AF109: https://pubmed.ncbi.nlm.nih.gov/40565890/ | AG109: Detect once using canonical ID; phenotype overlays decide tier/role. | AH109: =IF(AND(E109<>"",D109<>""),"COVERED","MISSING") -> COVERED
A110: AL | B110: AL27 | C110: RULE_AL27 | D110: COMPOSITE_RULE | E110: EVALUATE_CROSS_BUCKET_RULE | F110: Pre-existing abnormal monoclonal studies from MGUS/myeloma follow-up + new organ signal | G110: Hematology / lab | H110: HEMATOLOGY | I110: MULTISYSTEM_COMPOSITE | J110: Background risk / escalation clue | K110: Supports AL, guardrail required | M110: No | R110: Can precede amyloid-specific work-up | S110: Prior monoclonal abnormality + new proteinuria/HF/neuropathy/GI/systemic change | T110: Once AL is suspected, ASH recommends SIFE+UIFE+sFLC. Use age/eGFR/assay-aware FLC ranges (e.g., 0.48–3.38 at eGFR 30–44; 0.54–3.30 at eGFR <30 in iStopMM). | U110: Yes, if pre-existing | V110: High | W110: Hematology labs | X110: SIFE; UIFE; sFLC; kappa/lambda ratio | Y110: Use as pre-test context only if testing existed independently of amyloid suspicion. | Z110: CKD can distort FLC ratios; ATTR may coexist with monoclonal gammopathy. | AA110: High | AB110: 4 | AC110: 5 | AD110: Tier 1 - highest | AE110: https://pmc.ncbi.nlm.nih.gov/articles/PMC13425172/ | AF110: https://pmc.ncbi.nlm.nih.gov/articles/PMC9470548/ | AG110: Composite/temporal rule: do not count as an extra independent bucket. | AH110: =IF(AND(E110<>"",D110<>""),"COVERED","MISSING") -> COVERED
A111: AL | B111: AL05 | C111: RENAL_HYPOALBUMINEMIA_PROTEIN_LOSS | D111: ATOM | E111: DETECT_ONCE | F111: Hypoalbuminemia with edema / anasarca | G111: Renal / systemic | H111: NEPHROLOGY | I111: RENAL | J111: Renal consequence / supporting cluster | K111: Supports AL | L111: Tier 2 | M111: No — modifier/context only | N111: Tier 2 | O111: ORGAN_OR_PHENOTYPE_EVIDENCE | R111: Often near renal presentation | S111: Proteinuria + falling albumin + edema | T111: Albumin <3.5 g/dL is common clinical hypoalbuminemia, not an AL-specific cutoff. | U111: Yes | V111: High | W111: Chemistry; exam | X111: serum albumin; edema; anasarca | Y111: Reinforcing renal feature, not standalone. | Z111: HF, cirrhosis, malnutrition, protein-losing enteropathy and AA nephrosis mimic. | AA111: Moderate-High | AB111: 4 | AC111: 4 | AD111: Tier 2 - high | AE111: https://pubmed.ncbi.nlm.nih.gov/38541968/ | AF111: https://pubmed.ncbi.nlm.nih.gov/30770096/ | AG111: Detect once using canonical ID; phenotype overlays decide tier/role. | AH111: =IF(AND(E111<>"",D111<>""),"COVERED","MISSING") -> COVERED
A112: AL | B112: AL02 | C112: HEME_MGUS | D112: ATOM | E112: DETECT_ONCE | F112: Monoclonal gammopathy of undetermined significance (MGUS) under surveillance | G112: Hematology | H112: HEMATOLOGY | I112: HEME_CLONAL | J112: Background risk | K112: Supports AL, guardrail required | L112: Tier 2 | M112: Yes | N112: Tier 3 | O112: ETIOLOGIC_CONTEXT | R112: Can precede diagnosis by years | S112: MGUS + new proteinuria/nephrotic syndrome or multisystem disease | T112: If SIFE/UIFE/sFLC are ordered because amyloid is suspected, they are second-stage tests; pre-existing surveillance results may be used as prior context. | U112: Yes | V112: High | W112: Problem list; hematology notes; prior labs | X112: MGUS; monoclonal gammopathy; paraproteinemia | Y112: High-value context with explicit ATTR guardrail. | Z112: Incidental MGUS is common in ATTR and with aging. | AA112: High | AB112: 3 | AC112: 4 | AD112: Tier 2 - high | AE112: https://medinform.jmir.org/2026/1/e85803 | AF112: https://pubmed.ncbi.nlm.nih.gov/29424556/ | AG112: Detect once using canonical ID; phenotype overlays decide tier/role. | AH112: =IF(AND(E112<>"",D112<>""),"COVERED","MISSING") -> COVERED
A113: AL | B113: AL17 | C113: ATOM_AL17 | D113: ATOM | E113: DETECT_ONCE | F113: Disproportionate NT-proBNP/BNP or troponin elevation | G113: Cardiac lab | H113: CARDIOLOGY | I113: CARDIO | J113: Cardiac organ red flag | K113: Supports AL modestly | L113: Tier 2 | M113: Yes | N113: Tier 2 | O113: ORGAN_OR_PHENOTYPE_EVIDENCE | R113: May precede overt HF, especially in monitored clone populations | S113: Biomarker rise + monoclonal context or renal/multisystem AL pattern | T113: >332 ng/L is an organ-involvement criterion with exclusions; Mayo staging cutoffs are prognostic, not pre-test diagnostic thresholds. | U113: Context-dependent | V113: High | W113: Labs; cardiology | X113: NT-proBNP; BNP; troponin | Y113: Moderate support, strongest in clonal-risk patients. | Z113: Renal dysfunction, AF, ACS and ATTR-CM also elevate biomarkers. | AA113: High | AB113: 4 | AC113: 3 | AD113: Tier 3 - moderate | AE113: https://pubmed.ncbi.nlm.nih.gov/42099096/ | AF113: https://pmc.ncbi.nlm.nih.gov/articles/PMC13425172/ | AG113: Detect once using canonical ID; phenotype overlays decide tier/role. | AH113: =IF(AND(E113<>"",D113<>""),"COVERED","MISSING") -> COVERED
A114: AL | B114: AL06 | C114: RENAL_EGFR_DECLINE_CONTEXTUAL | D114: ATOM | E114: DETECT_ONCE | F114: Renal dysfunction / falling eGFR with proteinuria or monoclonal context | G114: Renal | H114: NEPHROLOGY | I114: RENAL | J114: Supporting organ red flag | K114: Supports AL modestly | L114: Tier 2 | M114: Yes | N114: Tier 2 | O114: ORGAN_OR_PHENOTYPE_EVIDENCE | R114: Can precede diagnosis | S114: eGFR decline + proteinuria + clone or another unexplained system | T114: Use eGFR-aware FLC ranges in CKD; standard 0.26–1.65 should not be universally applied. | U114: Yes | V114: High | W114: Chemistry; nephrology | X114: creatinine; eGFR; CKD; proteinuria | Y114: Moderate feature; low weight if isolated CKD. | Z114: CKD alone is common and poorly discriminating. | AA114: High | AB114: 4 | AC114: 3 | AD114: Tier 3 - moderate | AE114: https://medinform.jmir.org/2026/1/e85803 | AF114: https://pmc.ncbi.nlm.nih.gov/articles/PMC9470548/ | AG114: Detect once using canonical ID; phenotype overlays decide tier/role. | AH114: =IF(AND(E114<>"",D114<>""),"COVERED","MISSING") -> COVERED
A115: AL | B115: AL24 | C115: ATOM_AL24 | D115: ATOM | E115: DETECT_ONCE | F115: Symmetric peripheral sensorimotor neuropathy / sensory loss | G115: Neurologic | H115: NEUROLOGY | I115: NEURO | J115: Neurologic organ red flag | K115: Supports AL modestly | L115: Tier 2 | M115: Yes | N115: Tier 2 | O115: ORGAN_OR_PHENOTYPE_EVIDENCE | R115: Can precede diagnosis | S115: Neuropathy + proteinuria/clonal history; absence of strong hereditary/autonomic phenotype | T115: No EMG or sural-biopsy sensitivity should be used as a pre-test threshold; nerve biopsy is not screening. | U115: Yes | V115: High | W115: Neurology; EMG/NCS | X115: sensorimotor polyneuropathy; sensory loss; axonal neuropathy | Y115: Moderate AL feature; compare ATTRv actively. | Z115: ATTRv, diabetes, toxins and paraproteinemic neuropathies overlap. | AA115: High | AB115: 4 | AC115: 3 | AD115: Tier 3 - moderate | AE115: https://medinform.jmir.org/2026/1/e85803 | AF115: https://pubmed.ncbi.nlm.nih.gov/38923548/ | AG115: Detect once using canonical ID; phenotype overlays decide tier/role. | AH115: =IF(AND(E115<>"",D115<>""),"COVERED","MISSING") -> COVERED
A116: AL | B116: AL11 | C116: AUTONOMIC_GI_DYSMOTILITY | D116: ATOM | E116: DETECT_ONCE | F116: Persistent diarrhea / constipation / dysphagia | G116: Gastrointestinal | H116: GASTROENTEROLOGY | I116: GI_HEPATIC | J116: Additional organ red flag | K116: Supports AL modestly | L116: Tier 3 | M116: No | N116: Tier 3 | O116: ORGAN_OR_PHENOTYPE_EVIDENCE | R116: Can precede diagnosis | S116: GI symptoms + proteinuria/clonal context or multisystem accumulation | T116: No AL-specific threshold. | U116: Yes | V116: High | W116: Problem list; GI notes | X116: diarrhea; constipation; dysphagia | Y116: Moderate AL-vs-ATTRwt discriminator. | Z116: ATTRv has prominent GI/autonomic disease; common GI disorders remain common. | AA116: High | AB116: 3 | AC116: 3 | AD116: Tier 3 - moderate | AE116: https://medinform.jmir.org/2026/1/e85803 | AF116: https://pubmed.ncbi.nlm.nih.gov/41603599/ | AG116: Detect once using canonical ID; phenotype overlays decide tier/role. | AH116: =IF(AND(E116<>"",D116<>""),"COVERED","MISSING") -> COVERED
A117: AL | B117: AL10 | C117: AUTONOMIC_GASTROPARESIS_EARLY_SATIETY | D117: ATOM | E117: DETECT_ONCE | F117: Early satiety / nausea-vomiting / unexplained abdominal pain | G117: Gastrointestinal | H117: GASTROENTEROLOGY | I117: GI_HEPATIC | J117: Additional organ red flag | K117: Supports AL modestly | L117: Tier 3 | M117: No | N117: Tier 3 | O117: ORGAN_OR_PHENOTYPE_EVIDENCE | R117: Can precede diagnosis | S117: GI symptoms + renal/clonal evidence, weight loss or neuropathy | T117: No validated symptom-frequency cutoff; gastric-emptying studies are not required for pre-test screening. | U117: Yes | V117: High | W117: GI notes; problem list | X117: early satiety; nausea; vomiting; abdominal pain | Y117: Moderate cluster feature. | Z117: ATTRv and common GI disease overlap. | AA117: Moderate-High | AB117: 3 | AC117: 3 | AD117: Tier 3 - moderate | AE117: https://medinform.jmir.org/2026/1/e85803 | AF117: https://pubmed.ncbi.nlm.nih.gov/41954624/ | AG117: Detect once using canonical ID; phenotype overlays decide tier/role. | AH117: =IF(AND(E117<>"",D117<>""),"COVERED","MISSING") -> COVERED
A118: AL | B118: AL18 | C118: ATOM_AL18 | D118: ATOM | E118: DETECT_ONCE | F118: Unexplained hepatomegaly and/or cholestatic ALP elevation | G118: Hepatic | H118: HEPATOLOGY | I118: GI_HEPATIC | J118: Additional organ red flag | K118: Supports AL modestly | L118: Tier 3 | M118: No | N118: Tier 3 | O118: ORGAN_OR_PHENOTYPE_EVIDENCE | R118: Usually near systemic presentation | S118: Hepatic abnormality + renal/clonal/cardiac evidence | T118: >15 cm and >1.5×ULN are organ-involvement criteria, not validated standalone screening cutoffs; specificity of low ALP threshold has been questioned. | U118: Yes | V118: High | W118: Chemistry; abdominal imaging; notes | X118: alkaline phosphatase; hepatomegaly; liver span | Y118: Moderate supporting feature. | Z118: Congestive hepatopathy is a major confounder; liver disease, malignancy and AA overlap. | AA118: Moderate-High | AB118: 3 | AC118: 3 | AD118: Tier 3 - moderate | AE118: https://pmc.ncbi.nlm.nih.gov/articles/PMC10567953/ | AF118: https://pubmed.ncbi.nlm.nih.gov/30770096/ | AG118: Detect once using canonical ID; phenotype overlays decide tier/role. | AH118: =IF(AND(E118<>"",D118<>""),"COVERED","MISSING") -> COVERED
A119: AL | B119: AL09 | C119: SYSTEMIC_WEIGHT_LOSS | D119: ATOM | E119: DETECT_ONCE | F119: Unintentional weight loss / declining weight | G119: Systemic / GI | H119: GENERAL MEDICINE | I119: SYSTEMIC_CONTEXT | J119: Early overlooked clue | K119: Supports AL modestly | L119: Tier 3 | M119: No | N119: Tier 3 | O119: MODIFIER | R119: Can occur >1 year before diagnosis in some cohorts | S119: Weight loss + proteinuria, early satiety, neuropathy or clonal history | T119: Do not impose >10% loss as a universal AL threshold. | U119: Yes | V119: High | W119: Vitals; notes | X119: weight loss; BMI trend | Y119: Moderate cluster feature. | Z119: Malignancy, infection, ATTRv and many GI disorders overlap. | AA119: Moderate-High | AB119: 3 | AC119: 3 | AD119: Tier 3 - moderate | AE119: https://medinform.jmir.org/2026/1/e85803 | AF119: https://pubmed.ncbi.nlm.nih.gov/41603599/ | AG119: Detect once using canonical ID; phenotype overlays decide tier/role. | AH119: =IF(AND(E119<>"",D119<>""),"COVERED","MISSING") -> COVERED
A120: AL | B120: AL14 | C120: CARD_HFPEF_UNEXPLAINED | D120: ATOM | E120: DETECT_ONCE | F120: Unexplained heart failure / HFpEF | G120: Cardiac | H120: CARDIOLOGY | I120: CARDIO | J120: Cardiac amyloidosis red flag | K120: Amyloidosis-general | L120: Tier 2 | M120: Yes | N120: Tier 1 | O120: ORGAN_OR_PHENOTYPE_EVIDENCE | R120: Can precede diagnosis | S120: HF + nephrotic/clonal evidence supports AL; HF + CTS/AF/spinal stenosis favors ATTRwt | T120: Wall thickness >12 mm is an organ-involvement criterion when no other cause exists, not a universal HFpEF screening definition. | U120: Yes | V120: High | W120: Problem list; cardiology | X120: HFpEF; heart failure; restrictive cardiomyopathy | Y120: High amyloid score, intentionally low AL subtype weight. | Z120: ATTRwt is more commonly preceded by HF; hypertension/valve disease are common mimics. | AA120: High | AB120: 5 | AC120: 2 | AD120: Tier 4 - low | AE120: https://medinform.jmir.org/2026/1/e85803 | AF120: https://pubmed.ncbi.nlm.nih.gov/42099096/ | AG120: Detect once using canonical ID; phenotype overlays decide tier/role. | AH120: =IF(AND(E120<>"",D120<>""),"COVERED","MISSING") -> COVERED
A121: AL | B121: AL15 | C121: CARD_LV_THICKENING_UNEXPLAINED | D121: ATOM | E121: DETECT_ONCE | F121: Unexplained increased LV wall thickness / restrictive physiology on routine echocardiogram | G121: Cardiac imaging | H121: CARDIOLOGY | I121: CARDIO | J121: Cardiac amyloidosis red flag | K121: Amyloidosis-general | L121: Tier 2 | M121: Yes | N121: Tier 1 | O121: ORGAN_OR_PHENOTYPE_EVIDENCE | R121: Often before amyloid-specific imaging | S121: Echo red flag + renal/clonal AL context; orthopedic prodrome favors ATTRwt | T121: >12 mm is a classic involvement criterion, not a sensitive universal screening threshold. | U121: Yes | V121: High | W121: Echocardiography | X121: wall thickness; restrictive filling; valve/septal thickening | Y121: Enter amyloidosis pathway; do not type AL. | Z121: ATTRwt/ATTRv overlap; hypertension, AS and HCM mimic. | AA121: High | AB121: 5 | AC121: 2 | AD121: Tier 4 - low | AE121: https://pubmed.ncbi.nlm.nih.gov/42099096/ | AF121: https://pubmed.ncbi.nlm.nih.gov/41603599/ | AG121: Detect once using canonical ID; phenotype overlays decide tier/role. | AH121: =IF(AND(E121<>"",D121<>""),"COVERED","MISSING") -> COVERED
A122: AL | B122: AL16 | C122: ATOM_AL16 | D122: ATOM | E122: DETECT_ONCE | F122: ECG low voltage / voltage-to-mass discordance / pseudoinfarction | G122: Cardiac electrical | H122: CARDIOLOGY | I122: CARDIO | J122: Cardiac amyloidosis red flag | K122: Amyloidosis-general | L122: Tier 2 | M122: Yes | N122: Tier 2 | O122: ORGAN_OR_PHENOTYPE_EVIDENCE | R122: Near or before cardiac diagnosis | S122: Low voltage + wall thickening + AL-oriented renal/clonal features | T122: No single ECG criterion is sufficient for AL. | U122: Yes | V122: High | W122: ECG report / waveform | X122: low QRS voltage; pseudoinfarction; voltage-mass discordance | Y122: Amyloidosis trigger only. | Z122: AL and ATTR overlap; low voltage has incomplete sensitivity. | AA122: High | AB122: 4 | AC122: 2 | AD122: Tier 4 - low | AE122: https://pubmed.ncbi.nlm.nih.gov/32340017/ | AF122: https://pubmed.ncbi.nlm.nih.gov/42099096/ | AG122: Detect once using canonical ID; phenotype overlays decide tier/role. | AH122: =IF(AND(E122<>"",D122<>""),"COVERED","MISSING") -> COVERED
... A129: AL | B129: AL34 | C129: ATOM_AL34 | D129: ATOM | E129: DETECT_ONCE | F129: Edema without documented proteinuria or hypoalbuminemia | G129: Systemic | H129: GENERAL MEDICINE | I129: SYSTEMIC_CONTEXT | J129: Weak contextual clue | K129: Nonspecific | L129: Tier 4 | M129: No | N129: Tier 4 | O129: MODIFIER | R129: Before diagnosis | S129: Becomes meaningful with proteinuria + hypoalbuminemia | T129: No threshold. | U129: Yes | V129: High | W129: Problem list; exam | X129: edema; leg swelling; anasarca | Y129: Very low weight unless renal cluster present. | Z129: HF, venous disease, liver disease, medications and ATTR overlap. | AA129: High | AB129: 2 | AC129: 1 | AD129: Tier 5 - weak | AE129: https://medinform.jmir.org/2026/1/e85803 | AF129: https://pubmed.ncbi.nlm.nih.gov/34137077/ | AG129: Detect once using canonical ID; phenotype overlays decide tier/role. | AH129: =IF(AND(E129<>"",D129<>""),"COVERED","MISSING") -> COVERED
A130: AL | B130: AL25 | C130: RULE_AA_DRIVER_PLUS_RENAL | D130: GUARDRAIL_ROUTE | E130: ROUTE_OR_MODIFY_INTERPRETATION | F130: Credible chronic inflammatory/autoinflammatory/infectious history + new persistent proteinuria | G130: Inflammatory / renal | H130: NEPHROLOGY | I130: MULTISYSTEM_COMPOSITE | J130: Counter-evidence / differential | K130: Counter-evidence ? AA | M130: No | Q130: AA | R130: After sustained inflammatory disease | S130: Persistent inflammatory driver + inflammatory burden + new proteinuria | T130: No universal CRP/SAA or duration threshold establishes AA. | U130: Yes | V130: High | W130: Problem list + rheumatology/infectious + urine labs | X130: RA; Crohn; FMF; TB; bronchiectasis; proteinuria | Y130: AL down-weight / AA guardrail. | Z130: AL and inflammation can coexist; clonal evidence may keep AL active. | AA130: High | AB130: 5 | AC130: 1 | AD130: Guardrail / differential | AE130: https://pubmed.ncbi.nlm.nih.gov/36759076/ | AF130: https://pubmed.ncbi.nlm.nih.gov/31766892/ | AG130: Guardrail/route: never treat as weak positive Tier 4. | AH130: =IF(AND(E130<>"",D130<>""),"COVERED","MISSING") -> COVERED
A131: AL | B131: AL30 | C131: RULE_ATTRWT_ORTHO_BEFORE_CARDIO | D131: GUARDRAIL_ROUTE | E131: ROUTE_OR_MODIFY_INTERPRETATION | F131: Older patient with predominantly isolated cardiac phenotype + AF/CTS and little renal/GI/clonal evidence | G131: Cardiac / musculoskeletal | H131: CARDIOLOGY | I131: MULTISYSTEM_COMPOSITE | J131: Counter-evidence / differential | K131: Counter-evidence ? ATTRwt | M131: No | Q131: ATTRwt | R131: Before subtype-specific testing | S131: HF/cardiomyopathy + AF + CTS/spinal stenosis without strong AL-oriented extracardiac context | T131: Composite synthesis, not validated exclusion rule. | U131: Yes | V131: High | W131: Derived across cardiology + procedures | X131: HF; AF; CTS; spinal stenosis; no heavy proteinuria | Y131: AL down-weight; route toward ATTR evaluation. | Z131: AL can present cardiac-only; not a hard exclusion. | AA131: High | AB131: 4 | AC131: 1 | AD131: Guardrail / differential | AE131: https://medinform.jmir.org/2026/1/e85803 | AF131: https://pubmed.ncbi.nlm.nih.gov/31975495/ | AG131: Guardrail/route: never treat as weak positive Tier 4. | AH131: =IF(AND(E131<>"",D131<>""),"COVERED","MISSING") -> COVERED
A132: AL | B132: AL31 | C132: RULE_ATTRV_NEURO_AUTONOMIC | D132: GUARDRAIL_ROUTE | E132: ROUTE_OR_MODIFY_INTERPRETATION | F132: Painful length-dependent/small-fiber neuropathy with early marked autonomic/GI dysfunction ± hereditary clues | G132: Neurologic / autonomic | H132: AUTONOMIC / NEUROLOGY | I132: MULTISYSTEM_COMPOSITE | J132: Counter-evidence / differential | K132: Counter-evidence ? ATTRv | M132: No | Q132: ATTRv | R132: Often early in ATTRv | S132: Painful PN + orthostasis/GI dysfunction + family/ocular/cardiac hereditary clues | T132: No single feature proves ATTRv; genetic testing is confirmatory. | U132: Yes | V132: High | W132: Neurology; GI; family history | X132: small fiber neuropathy; burning pain; dysautonomia | Y132: AL down-weight / ATTRv guardrail. | Z132: AL neuropathy, diabetes and CIDP overlap. | AA132: High | AB132: 4 | AC132: 1 | AD132: Guardrail / differential | AE132: https://pubmed.ncbi.nlm.nih.gov/38923548/ | AF132: https://pubmed.ncbi.nlm.nih.gov/41603599/ | AG132: Guardrail/route: never treat as weak positive Tier 4. | AH132: =IF(AND(E132<>"",D132<>""),"COVERED","MISSING") -> COVERED
...

Sheet Phenotype Overlays
A1: Sign_ID | B1: Canonical_Atom_or_Rule_ID | C1: Overlay_Phenotype | D1: Reasoning_Bucket | E1: Tier_or_Status | F1: Overlay_Role | G1: Gate_Eligible | H1: Priority_Behavior | I1: Source_Phenotype | J1: Implementation_Note
A2: WT01 | B2: RULE_ATTRWT_ORTHO_BEFORE_CARDIO | C2: ATTRwt | D2: TEMPORAL_COMPOSITE | E2: TEMPORAL | F2: TEMPORAL_RULE | G2: No — rule only | I2: ATTRwt | J2: Temporal sequence upgrades/qualifies a combination; it is not an independent bucket.
A3: WT04 | B3: ATOM_WT04 | C3: ATTRwt | D3: ORTHO | E3: Tier 1 | F3: POSITIVE_EVIDENCE | G3: Yes | I3: ATTRwt | J3: Best tier is taken within this bucket; tiers are never added.
A4: WT04 | B4: ATOM_WT04 | C4: GENERAL_AMYLOID | D4: ORTHO | E4: Tier 2 | F4: ORGAN_OR_PHENOTYPE_EVIDENCE | G4: Yes | I4: ATTRwt | J4: General amyloid gate uses independent buckets; etiology context may pair with one organ bucket.
A5: WT04 | B5: ATOM_WT04 | C5: ATTR_COMMON | D5: ORTHO | E5: Tier 1 | F5: ATTR_COMMON_EVIDENCE | G5: Yes | I5: ATTRwt | J5: Counts only in an explicitly allowed ATTR-common bucket combination.
A6: WT02 | B6: ORTHO_CTS_BILAT_RECURRENT | C6: ATTRwt | D6: ORTHO | E6: Tier 1 | F6: POSITIVE_EVIDENCE | G6: Yes | I6: ATTRwt | J6: Best tier is taken within this bucket; tiers are never added.
A7: WT02 | B7: ORTHO_CTS_BILAT_RECURRENT | C7: GENERAL_AMYLOID | D7: ORTHO | E7: Tier 2 | F7: ORGAN_OR_PHENOTYPE_EVIDENCE | G7: Yes | I7: ATTRwt | J7: General amyloid gate uses independent buckets; etiology context may pair with one organ bucket.
A8: WT02 | B8: ORTHO_CTS_BILAT_RECURRENT | C8: ATTR_COMMON | D8: ORTHO | E8: Tier 1 | F8: ATTR_COMMON_EVIDENCE | G8: Yes | I8: ATTRwt | J8: Counts only in an explicitly allowed ATTR-common bucket combination.
A9: WT03 | B9: ATOM_WT03 | C9: ATTRwt | D9: ORTHO | E9: Tier 1 | F9: POSITIVE_EVIDENCE | G9: Yes | I9: ATTRwt | J9: Best tier is taken within this bucket; tiers are never added.
A10: WT03 | B10: ATOM_WT03 | C10: GENERAL_AMYLOID | D10: ORTHO | E10: Tier 2 | F10: ORGAN_OR_PHENOTYPE_EVIDENCE | G10: Yes | I10: ATTRwt | J10: General amyloid gate uses independent buckets; etiology context may pair with one organ bucket.
A11: WT03 | B11: ATOM_WT03 | C11: ATTR_COMMON | D11: ORTHO | E11: Tier 1 | F11: ATTR_COMMON_EVIDENCE | G11: Yes | I11: ATTRwt | J11: Counts only in an explicitly allowed ATTR-common bucket combination.
A12: WT05 | B12: ORTHO_LUMBAR_STENOSIS | C12: ATTRwt | D12: ORTHO | E12: Tier 2 | F12: POSITIVE_EVIDENCE | G12: Yes | I12: ATTRwt | J12: Best tier is taken within this bucket; tiers are never added.
A13: WT05 | B13: ORTHO_LUMBAR_STENOSIS | C13: GENERAL_AMYLOID | D13: ORTHO | E13: Tier 2 | F13: ORGAN_OR_PHENOTYPE_EVIDENCE | G13: Yes | I13: ATTRwt | J13: General amyloid gate uses independent buckets; etiology context may pair with one organ bucket.
... A303: AL23 | B303: RULE_AL23 | C303: ATTRwt | D303: ORTHO | E303: ROUTE | F303: ROUTE_TO_ATTRWT | G303: No — route only | I303: AL | J303: This source row points to the target phenotype; do not double-count it as a new positive atom.

Sheet Combination Rules
A1: Phenotype | B1: Rule_ID | C1: Priority | D1: Rule_Type | E1: Required_Bucket_or_Class_1 | F1: Tier_Requirement_1 | G1: Required_Bucket_or_Class_2 | H1: Additional_Condition_or_Modifier | I1: Temporal_Required | J1: Output_Route | K1: Implementation_Notes
A2: GENERAL_AMYLOID | B2: GA01 | C2: Priority A | D2: COUNT_DISTINCT_BUCKETS | E2: Any 2 independent organ/phenotype buckets | F2: Tier 1-2 | H2: Allowed organ buckets: CARDIO, RENAL, NEURO, AUTONOMIC, ORTHO, OCULAR, MUCOSAL_CUTANEOUS, GI_HEPATIC | I2: No | J2: GENERAL_AMYLOID_REVIEW | K2: T3/T4 never supply the second bucket. Same biological process cannot be counted twice across source specialties.
A3: GENERAL_AMYLOID | B3: GA02 | C3: Priority A/B | D3: ORG_PLUS_ETIOLOGY | E3: 1 organ/phenotype bucket | F3: Tier 1-2 | G3: 1 etiologic-context bucket Tier 1-2 | H3: Etiology buckets: HEME_CLONAL, INFLAMMATORY_DRIVER, HEREDITARY | I3: No | J3: GENERAL_AMYLOID_REVIEW | K3: Etiology context alone never passes; it must pair with objective organ/phenotype evidence.
A4: ATTR_COMMON | B4: AC01 | C4: Priority A | D4: PAIR | E4: ORTHO | F4: Tier 1-2 | G4: CARDIO Tier 1-2 | I4: No | J4: ATTR_REVIEW | K4: Classic ATTRwt-shaped pair.
A5: ATTR_COMMON | B5: AC02 | C5: Priority A | D5: PAIR | E5: NEURO | F5: Tier 1-2 | G5: AUTONOMIC Tier 1-2 | I5: No | J5: ATTR_REVIEW | K5: Classic neuropathic ATTRv-shaped pair.
A6: ATTR_COMMON | B6: AC03 | C6: Priority A/B | D6: PAIR | E6: NEURO | F6: Tier 1-2 | G6: HEREDITARY Tier 1-2 | I6: No | J6: ATTR_REVIEW | K6: Strong hereditary neuropathy pattern.
A7: ATTR_COMMON | B7: AC04 | C7: Priority B | D7: PAIR | E7: NEURO | F7: Tier 1-2 | G7: CARDIO Tier 1-2 | I7: No | J7: ATTR_REVIEW | K7: Mixed neurologic-cardiac ATTR pattern.
A8: ATTR_COMMON | B8: AC05 | C8: Priority B | D8: PAIR | E8: CARDIO | F8: Tier 1-2 | G8: HEREDITARY Tier 1-2 | I8: No | J8: ATTR_REVIEW | K8: Allows cardiac-predominant ATTRv.
A9: ATTR_COMMON | B9: AC06 | C9: Priority B | D9: PAIR | E9: NEURO | F9: Tier 1-2 | G9: OCULAR Tier 1-2 | I9: No | J9: ATTR_REVIEW | K9: Ocular + neurologic ATTRv pattern.
A10: ATTR_COMMON | B10: AC07 | C10: Priority B/C | D10: PAIR | E10: ORTHO | F10: Tier 1-2 | G10: NEURO Tier 1-2 | I10: No | J10: ATTR_REVIEW | K10: ATTR common only; subtype requires wt/v-specific logic.
A11: ATTR_COMMON | B11: AC08 | C11: Priority B | D11: PAIR | E11: AUTONOMIC | F11: Tier 1-2 | G11: HEREDITARY Tier 1-2 | I11: No | J11: ATTR_REVIEW | K11: Hereditary autonomic pattern.
A12: ATTRwt | B12: WT_RULE_01 | C12: Priority A | D12: PAIR_TEMPORAL | E12: ORTHO | F12: Tier 1-2 | G12: CARDIO Tier 1-2 | H12: ORTHO first evidence precedes CARDIO first evidence; no hard universal year cutoff | I12: Yes | J12: ATTRWT_REVIEW | K12: Canonical ATTRwt rule. Temporal order strengthens priority but does not create another bucket.
A13: ATTRwt | B13: WT_RULE_02 | C13: Priority B | D13: PAIR | E13: ORTHO | F13: Tier 1-2 | G13: CARDIO Tier 1-2 | H13: Use when date quality is insufficient to prove sequence | I13: No | J13: ATTRWT_REVIEW | K13: Same phenotype with missing/uncertain chronology; rank below WT_RULE_01.
A14: ATTRv | B14: V_RULE_01 | C14: Priority A | D14: PAIR | E14: NEURO | F14: Tier 1-2 | G14: AUTONOMIC Tier 1-2 | I14: No | J14: ATTRV_REVIEW | K14: Canonical neuropathic/autonomic ATTRv.
A15: ATTRv | B15: V_RULE_02 | C15: Priority A | D15: PAIR | E15: NEURO | F15: Tier 1-2 | G15: HEREDITARY Tier 1-2 | I15: No | J15: ATTRV_REVIEW | K15: Progressive neuropathy + hereditary context.
A16: ATTRv | B16: V_RULE_03 | C16: Priority A/B | D16: PAIR | E16: NEURO | F16: Tier 1-2 | G16: OCULAR Tier 1-2 | I16: No | J16: ATTRV_REVIEW | K16: Neurologic + characteristic ocular phenotype.
A17: ATTRv | B17: V_RULE_04 | C17: Priority B | D17: PAIR | E17: NEURO | F17: Tier 1-2 | G17: CARDIO Tier 1-2 | I17: No | J17: ATTRV_REVIEW | K17: Mixed phenotype.
A18: ATTRv | B18: V_RULE_05 | C18: Priority B | D18: PAIR | E18: HEREDITARY | F18: Tier 1 | G18: CARDIO Tier 1-2 | I18: No | J18: ATTRV_REVIEW | K18: Allows cardiac-predominant hereditary disease without requiring neuropathy.
A19: ATTRv | B19: V_RULE_06 | C19: Priority B | D19: PAIR | E19: HEREDITARY | F19: Tier 1-2 | G19: AUTONOMIC Tier 1-2 | I19: No | J19: ATTRV_REVIEW | K19: Hereditary + dysautonomia.
A20: ATTRv | B20: V_RULE_07 | C20: Carrier conversion | D20: PAIR | E20: HEREDITARY | F20: Tier 1 | G20: RENAL Tier 1-2 | H20: Only for known carrier / cascade-testing context | I20: No | J20: ATTRV_CARRIER_REVIEW | K20: Carrier surveillance route; not equivalent to systemic ATTRv diagnosis.
A21: AL | B21: AL_RULE_01 | C21: Priority A | D21: PAIR | E21: HEME_CLONAL | F21: Tier 1-2 | G21: RENAL Tier 1-2 | I21: No | J21: AL_SAFETY_REVIEW | K21: Highest-yield clonal + renal phenotype.
A22: AL | B22: AL_RULE_02 | C22: Priority A/B | D22: PAIR | E22: HEME_CLONAL | F22: Tier 1-2 | G22: CARDIO Tier 1-2 | I22: No | J22: AL_SAFETY_REVIEW | K22: Clonal + cardiac amyloid phenotype.
A23: AL | B23: AL_RULE_03 | C23: Priority B | D23: PAIR | E23: HEME_CLONAL | F23: Tier 1-2 | G23: NEURO Tier 1-2 | I23: No | J23: AL_SAFETY_REVIEW | K23: Clonal + neuropathy.
A24: AL | B24: AL_RULE_04 | C24: Priority B | D24: PAIR | E24: HEME_CLONAL | F24: Tier 1-2 | G24: AUTONOMIC Tier 1-2 | I24: No | J24: AL_SAFETY_REVIEW | K24: Clonal + autonomic organ involvement.
A25: AL | B25: AL_RULE_05 | C25: Priority B | D25: PAIR | E25: HEME_CLONAL | F25: Tier 1-2 | G25: GI_HEPATIC Tier 1-2 | I25: No | J25: AL_SAFETY_REVIEW | K25: Clonal + GI/hepatic organ involvement.
A26: AL | B26: AL_RULE_06 | C26: Priority A | D26: PAIR_CLASS | E26: MUCOSAL_CUTANEOUS | F26: Tier 1 | G26: Any organ bucket Tier 1-2 | H26: Organ bucket may be RENAL/CARDIO/NEURO/AUTONOMIC/GI_HEPATIC | I26: No | J26: AL_SAFETY_REVIEW | K26: Macroglossia/purpura remain high-specificity but low-sensitivity clues.
A27: AL | B27: AL_RULE_07 | C27: Possible AL | D27: COUNT_DISTINCT_BUCKETS | E27: At least 3 organ buckets | F27: Tier 1-2 | H27: No HEME_CLONAL required for this rule | I27: No | J27: AL_MONOCLONAL_SCREEN | K27: Do not label AL; use as a funnel for appropriate monoclonal evaluation.
A28: AA | B28: AA_RULE_01 | C28: Priority A | D28: TRIPLE_WITH_MODIFIER | E28: INFLAMMATORY_DRIVER | F28: Tier 1-2 | G28: RENAL Tier 1-2 | H28: INFLAMMATORY_ACTIVITY Tier 1-2 strengthens priority but is NOT an independent bucket | I28: No | J28: AA_REVIEW | K28: Driver + renal transition is the disease-shaped combination.
A29: AA | B29: AA_RULE_02 | C29: Priority B | D29: PAIR | E29: INFLAMMATORY_DRIVER | F29: Tier 1-2 | G29: RENAL Tier 1-2 | H29: Use when activity data are missing/weak | I29: No | J29: AA_REVIEW | K29: Family/genetic susceptibility can modify priority but cannot replace driver or renal evidence.

Sheet Composite Rules
A1: Source_Sign_ID | B1: Phenotype | C1: Derived_Rule_ID | D1: Rule_Scope | E1: Definition | F1: Effect | G1: Double_Counting_Guardrail
A2: WT04 | B2: ATTRwt | C2: ORTHO_CLUSTER | D2: Within-bucket derived feature | E2: Multiple distinct orthopedic red flags across different tissues/procedures | F2: Derive ORTHO Tier 1 | G2: Counts once as ORTHO; never as multiple specialties.
A3: V03 | B3: ATTRv | C3: NEURO_PLUS_SYSTEMIC | D3: Cross-bucket composite | E3: Idiopathic axonal neuropathy + at least 2 ATTRv systemic red flags | F3: Upgrade ATTRv review priority | G3: Do not add a synthetic extra bucket on top of the component buckets.
A4: V06 | B4: ATTRv | C4: NEURO_CARDIO_MIXED | D4: Cross-bucket composite | E4: Neurologic/autonomic phenotype + cardiac phenotype | F4: Upgrade mixed ATTRv combination | G4: Equivalent to a combination rule, not a new independent bucket.
A5: AA21 | B5: AA | C5: RENAL_DISPROPORTIONATE | D5: Within-bucket derived discriminator | E5: Renal phenotype disproportionate to diabetes/HTN/medication or other explanation in inflammatory context | F5: May elevate RENAL to Tier 1 | G5: Still counts once as RENAL.
A6: AL21 | B6: AL | C6: MULTISYSTEM_ACCUMULATION | D6: Cross-bucket derived feature | E6: Evidence across at least 3 distinct organ-system buckets | F6: Route to AL_MONOCLONAL_SCREEN / raise review priority | G6: Do not count MULTISYSTEM as a fourth bucket.
A7: AL26 | B7: AL | C7: CLONAL_PLUS_NEW_ORGAN | D7: Cross-bucket composite | E7: Known monoclonal/plasma-cell precursor + new unexplained organ dysfunction | F7: Direct AL safety escalation | G7: Underlying HEME + ORGAN buckets are the actual counted evidence.
A8: AL27 | B8: AL | C8: PREEXISTING_MONOCLONAL_PLUS_ORGAN | D8: Cross-bucket composite | E8: Pre-existing abnormal monoclonal studies from unrelated follow-up + new organ signal | F8: Direct AL safety escalation | G8: Only pre-test if monoclonal tests predated amyloid suspicion.

Sheet Temporal Rules
A1: Temporal_Rule_ID | B1: Source_Sign_IDs | C1: Phenotype | D1: Pattern | E1: Logic | F1: Threshold_Status | G1: Effect | H1: Double_Counting_Guardrail
A2: T01 | B2: WT01 | C2: ATTRwt | D2: ORTHO_BEFORE_CARDIO | E2: First qualifying ORTHO evidence precedes first qualifying CARDIO evidence | F2: No hard minimum gap; store years_between for ranking/explanation | G2: Upgrade to ATTRwt Priority A | H2: Do not create an extra bucket.
A3: T02 | B3: V02/V04/V14 | C3: ATTRv | D3: PROGRESSIVE_NEUROPATHY | E3: Evidence of progression across visits/tests rather than one lifetime neuropathy code | F3: Use first/last date and repeated objective findings when available | G3: Strengthens NEURO tier reliability | H3: Progression is part of phenotype quality.
A4: T03 | B4: V01/V17/V18 | C4: ATTRv | D4: CARRIER_NEW_CHANGE | E4: Known carrier/family-risk context precedes a new objective neurologic/autonomic/renal change | F4: No fixed interval | G4: Carrier-conversion review | H4: Do not call active ATTRv from genotype alone.
A5: T04 | B5: AA05/AA12/AA13/AA14 | C5: AA | D5: PERSISTENT_INFLAMMATORY_BURDEN | E5: Repeated/persistent activity over time rather than one CRP/ESR/SAA value | F5: No universal hard threshold in this config | G5: Strengthens AA priority | H5: Inflammatory activity is a modifier, not the second independent disease bucket.
A6: T05 | B6: AA15/AA16/AA17/AA20 | C6: AA | D6: RENAL_TRANSITION | E6: New/persistent or progressive renal abnormality after/with chronic inflammatory driver | F6: Require persistence/trend where source row specifies it | G6: Qualifies RENAL bucket | H6: Single transient abnormality should not trigger the gate.
A7: T06 | B7: AL03/AL04/AL06 | C7: AL | D7: RENAL_PERSISTENCE | E7: Persistent/progressive proteinuric renal phenotype | F7: Use trend and repeat measurements | G7: Improves renal evidence confidence | H7: Avoid single-measurement overcalling.
A8: T07 | B8: AL21 | C8: AL | D8: MULTISYSTEM_ACCUMULATION_OVER_TIME | E8: Distinct organ buckets accumulate longitudinally | F8: No fixed window | G8: AL possible / monoclonal-screen funnel | H8: Count distinct organ buckets, not repeated codes.

Sheet Guardrails
A1: Sign_ID | B1: Source_Phenotype | C1: Canonical_Atom_or_Rule_ID | D1: Reasoning_Bucket | E1: Route_or_Guardrail | F1: Feature | G1: Source_Guardrail_Context | H1: Implementation_Rule
A2: WT24 | B2: ATTRwt | C2: RULE_WT24 | D2: CARDIO | E2: NO_EXCLUSION_FEMALE_WALL_THICKNESS | F2: Female patient with ATTR-like phenotype despite septal wall thickness <12 mm | G2: Small cohort; exact best threshold needs validation. | H2: Never convert to Tier 4 positive evidence; route/flag in parallel and allow simultaneous phenotype passes.
A3: WT25 | B3: ATTRwt | C3: HEME_MGUS | D3: HEME_CLONAL | E3: AL_SAFETY | F3: Monoclonal gammopathy / MGUS in an otherwise ATTRwt-like phenotype | G3: AL is urgent and must be actively excluded. Presence of monoclonal protein invalidates simple non-invasive ATTR attribution and usually requires definitive typing in the clinical pathway. | H3: Never convert to Tier 4 positive evidence; route/flag in parallel and allow simultaneous phenotype passes.
A4: WT26 | B4: ATTRwt | C4: RULE_WT26 | D4: HEME_CLONAL | E4: AL_SAFETY_INTERPRET_FLC_WITH_CKD | F4: Abnormal serum free-light-chain ratio in CKD that may reflect renal clearance rather than monoclonality | G4: Assay-specific reference ranges matter; true AL can coexist with CKD; immunofixation context remains essential. | H4: Never convert to Tier 4 positive evidence; route/flag in parallel and allow simultaneous phenotype passes.
A5: WT27 | B5: ATTRwt | C5: RULE_AL_ORIENTED_MULTISYSTEM | D5: MULTISYSTEM_COMPOSITE | E5: AL | F5: Nephrotic-range proteinuria/marked hypoalbuminemia, macroglossia/periorbital purpura, or strong plasma-cell-disorder context | G5: MGUS can coexist with ATTRwt, so subtype must remain unresolved until appropriate typing; renal disease can have non-amyloid causes. | H5: Never convert to Tier 4 positive evidence; route/flag in parallel and allow simultaneous phenotype passes.
A6: WT28 | B6: ATTRwt | C6: RULE_ATTRV_NEURO_AUTONOMIC | D6: MULTISYSTEM_COMPOSITE | E6: ATTRv | F6: Prominent painful polyneuropathy with marked dysautonomia/GI dysfunction ± family history or ocular signs | G6: ATTRwt can have some neuropathy/orthostasis, but severe or early autonomic/mixed phenotype shifts toward ATTRv. | H6: Never convert to Tier 4 positive evidence; route/flag in parallel and allow simultaneous phenotype passes.
A7: WT29 | B7: ATTRwt | C7: RULE_AA_DRIVER_PLUS_RENAL | D7: MULTISYSTEM_COMPOSITE | E7: AA | F7: Chronic inflammatory/autoinflammatory disease or chronic infection + persistent inflammatory burden + heavy proteinuria | G7: Older patients may have both degenerative cardiac disease and inflammatory illness; renal cause may remain unresolved. | H7: Never convert to Tier 4 positive evidence; route/flag in parallel and allow simultaneous phenotype passes.
A8: V37 | B8: ATTRv | C8: RULE_V37 | D8: NEURO | E8: ANTI_ANCHORING_NOT_EXCLUSION | F8: Mild/well-controlled diabetes that does not explain severe, rapidly progressive or ataxic neuropathy | G8: Diabetes remains the most common cause of neuropathy and should generally lower specificity. | H8: Never convert to Tier 4 positive evidence; route/flag in parallel and allow simultaneous phenotype passes.
A9: V38 | B9: ATTRv | C9: RULE_V38 | D9: NEURO | E9: ALTERNATIVE_NEUROPATHY | F9: Active autoimmune disease / positive autoantibodies with a convincing inflammatory/demyelinating neuropathy pattern | G9: ATTRv can be misdiagnosed as CIDP and nonspecific autoantibodies may coexist; never use autoimmunity as an exclusion. | H9: Never convert to Tier 4 positive evidence; route/flag in parallel and allow simultaneous phenotype passes.
A10: V32 | B10: ATTRv | C10: RULE_V32 | D10: CARDIO | E10: ATTRwt | F10: Low-flow, low-gradient aortic stenosis | G10: Severe AS itself causes LVH/low flow; ATTRwt is the stronger TTR subtype association. | H10: Never convert to Tier 4 positive evidence; route/flag in parallel and allow simultaneous phenotype passes.
A11: V41 | B11: ATTRv | C11: RULE_ATTRWT_ORTHO_BEFORE_CARDIO | D11: MULTISYSTEM_COMPOSITE | E11: ATTRwt | F11: Older patient with isolated cardiac ATTR-like phenotype and long orthopedic prodrome but little/no neuropathy or dysautonomia | G11: Pathogenic TTR variants remain present in a meaningful fraction of elderly ATTR-CM patients, so genetic testing is still necessary. | H11: Never convert to Tier 4 positive evidence; route/flag in parallel and allow simultaneous phenotype passes.
A12: V33 | B12: ATTRv | C12: RULE_V33 | D12: ORTHO | E12: ATTRwt | F12: Biceps tendon rupture, rotator cuff tear, trigger finger/tenosynovitis as an isolated orthopedic prodrome | G12: Age-related degenerative disease is common; isolated orthopedic pattern without neuropathy/autonomic clues points more toward ATTRwt. | H12: Never convert to Tier 4 positive evidence; route/flag in parallel and allow simultaneous phenotype passes.
... A27: V36 | B27: ATTRv | C27: ATOM_V36 | D27: SYSTEMIC_CONTEXT | E27: DO_NOT_USE_AS_TRIGGER | F27: Declining serum prealbumin (circulating transthyretin) | G27: Malnutrition, inflammation and liver disease strongly affect prealbumin; low values are not ATTRv-specific. | H27: Retain only for provenance/audit/research.

Sheet Coverage Audit
A1: Coverage Audit — all four source CSVs must reconcile to the config
A3: Source_Phenotype | B3: Expected_Rows | C3: Catalog_Rows | D3: Source_Overlay_Rows | E3: Status
A4: ATTRwt | B4: 30 | C4: =COUNTIF('Signal Catalog'!$A$2:$A$134,A4) -> 30 | D4: =COUNTIFS('Phenotype Overlays'!$I$2:$I$303,A4,'Phenotype Overlays'!$C$2:$C$303,A4) -> 30 | E4: =IF(AND(B4=C4,B4=D4),"PASS","FAIL") -> PASS
A5: ATTRv | B5: 41 | C5: =COUNTIF('Signal Catalog'!$A$2:$A$134,A5) -> 41 | D5: =COUNTIFS('Phenotype Overlays'!$I$2:$I$303,A5,'Phenotype Overlays'!$C$2:$C$303,A5) -> 41 | E5: =IF(AND(B5=C5,B5=D5),"PASS","FAIL") -> PASS
A6: AA | B6: 30 | C6: =COUNTIF('Signal Catalog'!$A$2:$A$134,A6) -> 30 | D6: =COUNTIFS('Phenotype Overlays'!$I$2:$I$303,A6,'Phenotype Overlays'!$C$2:$C$303,A6) -> 30 | E6: =IF(AND(B6=C6,B6=D6),"PASS","FAIL") -> PASS
A7: AL | B7: 32 | C7: =COUNTIF('Signal Catalog'!$A$2:$A$134,A7) -> 32 | D7: =COUNTIFS('Phenotype Overlays'!$I$2:$I$303,A7,'Phenotype Overlays'!$C$2:$C$303,A7) -> 32 | E7: =IF(AND(B7=C7,B7=D7),"PASS","FAIL") -> PASS
A9: Audit Metric | B9: Value | D9: Config_Object_Type | E9: Count
A10: Total expected source rows | B10: 133 | D10: ATOM | E10: =COUNTIF('Signal Catalog'!$D$2:$D$134,D10) -> 99
A11: Total catalog rows | B11: =COUNTA('Signal Catalog'!$B$2:$B$134) -> 133 | D11: DERIVED_BUCKET_FEATURE | E11: =COUNTIF('Signal Catalog'!$D$2:$D$134,D11) -> 1
A12: Rows marked COVERED | B12: =COUNTIF('Signal Catalog'!$AH$2:$AH$134,"COVERED") -> 133 | D12: COMPOSITE_RULE | E12: =COUNTIF('Signal Catalog'!$D$2:$D$134,D12) -> 6
A13: Uncovered rows | B13: =COUNTIF('Signal Catalog'!$AH$2:$AH$134,"MISSING") -> 0 | D13: TEMPORAL_RULE | E13: =COUNTIF('Signal Catalog'!$D$2:$D$134,D13) -> 1
D14: GUARDRAIL_ROUTE | E14: =COUNTIF('Signal Catalog'!$D$2:$D$134,D14) -> 24
D15: DO_NOT_USE | E15: =COUNTIF('Signal Catalog'!$D$2:$D$134,D15) -> 2
